air,WDIR,WSPD,GST,WVHT,DPD,APD,MWD,PRES,ATMP,WTMP,DEWP,VIS,TIDE,FLUXOFENERGY
278.764702,?,?,?,3.4,8.33,6.41,?,991,?,4.9,?,?,?,36.308804
278.591687,?,?,?,3.31,8.33,6.17,?,991,?,4.9,?,?,?,33.123577
278.325925,?,?,?,5.97,12.12,8.3,?,991.8,?,4.9,?,?,?,144.95154
278.595213,?,?,?,6.32,12.9,8.65,?,994.8,?,4.9,?,?,?,169.295862
277.955811,?,?,?,5.95,13.79,8.51,?,999.5,?,4.9,?,?,?,147.624885
278.624062,?,?,?,4.99,13.79,8.39,?,1003.5,?,4.9,?,?,?,102.366801
277.684556,?,?,?,3.8,11.43,6.92,?,1006.9,?,4.9,?,?,?,48.963152
277.900705,?,?,?,4.17,10,7.3,?,1011.5,?,4.9,?,?,?,62.200095
278.054398,?,?,?,?,?,?,?,1016.8,?,4.9,?,?,?,?
278.188425,?,?,?,2.82,10.81,6.45,?,1022.3,?,4.9,?,?,?,25.13356
278.9183,?,?,?,2.36,10,6.39,?,1024.7,?,4.9,?,?,?,17.438975
278.2456,?,?,?,2.11,10.81,7.18,?,1025.7,?,4.9,?,?,?,15.663378
278.786094,?,?,?,?,?,?,?,1022.9,?,4.9,?,?,?,?
278.557641,?,?,?,?,?,?,?,1016.8,?,4.9,?,?,?,?
279.328592,?,?,?,?,?,?,?,1005.2,?,4.9,?,?,?,?
280.273527,?,?,?,6.06,12.9,8.34,?,999,?,4.9,?,?,?,150.074664
280.688654,?,?,?,5.06,11.43,8.38,?,996.3,?,4.9,?,?,?,105.133502
280.116797,?,?,?,4.78,12.12,7.77,?,995.1,?,4.9,?,?,?,86.990713
279.577794,?,?,?,4.55,12.9,8.17,?,999.7,?,4.9,?,?,?,82.878318
280.059876,?,?,?,4.13,12.12,7.86,?,1004.1,?,4.9,?,?,?,65.692945
279.517903,?,?,?,3.5,10.81,7.98,?,1006.6,?,4.9,?,?,?,47.89995
279.4953,?,?,?,3.72,12.12,7.73,?,1006.7,?,4.9,?,?,?,52.415708
279.857076,?,?,?,3.49,10.81,7,?,1006,?,4.9,?,?,?,41.777743
278.998885,?,?,?,?,?,?,?,1007,?,4.9,?,?,?,?
278.649873,?,?,?,2.65,10.81,7.07,?,1006.1,?,4.9,?,?,?,24.328047
278.718722,?,?,?,2.82,11.43,7.81,?,1005,?,4.9,?,?,?,30.43304
279.168952,?,?,?,2.51,11.43,6.26,?,1002.9,?,4.9,?,?,?,19.324927
278.886426,?,?,?,2.64,9.09,5.83,?,999.1,?,4.9,?,?,?,19.910056
279.43472,?,?,?,3.05,12.12,6.54,?,994.4,?,4.9,?,?,?,29.810791
279.112143,?,?,?,2.77,11.43,6.91,?,994.4,?,4.9,?,?,?,25.979672
278.834369,?,?,?,3.63,12.9,8.66,?,995.8,?,4.9,?,?,?,55.914857
277.805399,?,?,?,3.25,13.79,7.87,?,995.9,?,4.9,?,?,?,40.732169
278.141047,?,?,?,3.29,12.12,8.43,?,994.7,?,4.9,?,?,?,44.71111
277.732462,?,?,?,2.55,12.9,7.69,?,993,?,4.9,?,?,?,24.50207
277.596325,?,?,?,2.67,11.43,8.12,?,993.5,?,4.8,?,?,?,28.364467
277.925831,?,?,?,2.32,10.81,6.88,?,993.8,?,4.9,?,?,?,18.145147
278.085829,?,?,?,2.52,5.88,5.83,?,996.5,?,4.9,?,?,?,18.141188
277.672972,?,?,?,3.26,8.33,6.49,?,998.6,?,4.8,?,?,?,33.796831
277.457644,?,?,?,3.29,9.09,6.83,?,1000.1,?,4.8,?,?,?,36.225015
277.210831,?,?,?,2.8,10,6.82,?,998.2,?,4.8,?,?,?,26.199712
276.800108,?,?,?,2.51,11.43,7.29,?,996.7,?,4.8,?,?,?,22.504587
276.725106,?,?,?,2.04,10,6.36,?,995.5,?,4.8,?,?,?,12.96921
276.78291,?,?,?,2.08,10,5.77,?,994.4,?,4.8,?,?,?,12.232031
276.969069,?,?,?,2.31,12.12,6.23,?,990.1,?,4.8,?,?,?,16.289512
277.058267,?,?,?,2.65,10.81,6.59,?,983,?,4.7,?,?,?,22.676355
278.222675,?,?,?,2.8,7.14,6.08,?,982.2,?,4.7,?,?,?,23.356928
277.805485,?,?,?,3.1,8.33,6.6,?,984.2,?,4.7,?,?,?,31.07874
278.334189,?,?,?,3.97,9.09,6.94,?,987.2,?,4.7,?,?,?,53.596517
278.16576,?,?,?,4.27,12.9,6.99,?,992.5,?,4.7,?,?,?,62.449506
277.569212,?,?,?,5.43,12.12,7.93,?,998.4,?,4.7,?,?,?,114.569476
277.36083,?,?,?,4.13,13.79,7.39,?,1004.7,?,4.7,?,?,?,61.764741
278.709111,?,?,?,3.69,11.43,7.58,?,1002.1,?,4.7,?,?,?,50.572919
278.619646,?,?,?,?,?,?,?,984.7,?,4.7,?,?,?,?
279.396326,?,?,?,3.55,7.69,6.76,?,986.8,?,4.7,?,?,?,41.744521
279.818567,?,?,?,3.95,9.09,6.86,?,986.5,?,4.7,?,?,?,52.446244
277.673682,?,?,?,6.38,11.43,8.29,?,988.2,?,4.7,?,?,?,165.345343
278.388332,?,?,?,6.22,12.12,8.41,?,1000.7,?,4.7,?,?,?,159.431028
278.527409,?,?,?,5.21,10.81,8.12,?,1007.6,?,4.7,?,?,?,108.000945
280.053171,?,?,?,4.68,11.43,7.49,?,1006.5,?,4.7,?,?,?,80.383998
279.41622,?,?,?,5.5,10.81,7.94,?,1007.1,?,4.8,?,?,?,117.69065
280.408265,?,?,?,4.2,12.12,7.47,?,1006,?,4.8,?,?,?,64.567692
279.959512,?,?,?,3.85,10.81,6.99,?,994.3,?,4.8,?,?,?,50.768545
279.496244,?,?,?,4.64,12.9,7.39,?,988.9,?,4.8,?,?,?,77.960835
279.454399,?,?,?,4.09,11.43,7.3,?,999.7,?,4.8,?,?,?,59.836414
279.36185,?,?,?,4.83,12.9,8.55,?,1002.4,?,4.7,?,?,?,97.736427
280.392657,?,?,?,4.61,13.79,8.24,?,996.5,?,4.8,?,?,?,85.807479
280.04092,?,?,?,4.78,12.12,6.85,?,988.1,?,4.8,?,?,?,76.690655
279.613362,?,?,?,5.33,12.9,7.78,?,987.1,?,4.8,?,?,?,108.300409
280.253956,?,?,?,4.8,12.9,8.36,?,988.6,?,4.8,?,?,?,94.381056
279.276116,?,?,?,5.84,12.9,8.99,?,989.4,?,4.8,?,?,?,150.238579
278.671046,?,?,?,4.8,13.79,8.24,?,991.3,?,4.8,?,?,?,93.026304
277.703512,?,?,?,4.92,12.9,8.18,?,999,?,4.8,?,?,?,97.024092
277.874151,?,?,?,4.76,12.12,8.16,?,1006.3,?,4.8,?,?,?,90.594148
278.39035,?,?,?,4.95,12.9,9.31,?,1008.4,?,4.7,?,?,?,111.777955
279.121276,?,?,?,3.83,11.43,7.17,?,1003.3,?,4.8,?,?,?,51.536246
279.793998,?,?,?,4.6,9.09,6.8,?,997,?,4.7,?,?,?,70.50512
280.888597,?,?,?,4.29,11.43,7.19,?,999.1,?,4.8,?,?,?,64.839485
280.379313,?,?,?,4.34,12.12,7.98,?,1003.3,?,4.8,?,?,?,73.650963
281.579977,?,?,?,6.62,16,9.18,?,1004.5,?,4.8,?,?,?,197.130916
280.132175,?,?,?,5.47,12.9,8.25,?,1004.1,?,4.8,?,?,?,120.955238
278.993943,?,?,?,4.83,13.79,8.05,?,1002.4,?,4.8,?,?,?,92.020846
279.003371,?,?,?,3.98,12.9,7.78,?,994.4,?,4.8,?,?,?,60.386773
278.489959,?,?,?,3.88,12.9,8.05,?,993.4,?,4.8,?,?,?,59.382081
279.168625,?,?,?,4.14,10,7.73,?,998.1,?,4.8,?,?,?,64.919663
279.743231,?,?,?,3.68,10,8.26,?,1000.6,?,4.8,?,?,?,54.81151
279.755325,?,?,?,3.15,10,7.73,?,1000.8,?,4.8,?,?,?,37.583453
280.439443,?,?,?,3.08,9.09,6.78,?,996.8,?,4.8,?,?,?,31.515718
280.582045,?,?,?,2.72,10,5.84,?,993.3,?,4.8,?,?,?,21.171261
280.645701,?,?,?,2.63,9.09,6.09,?,997.5,?,4.8,?,?,?,20.640721
281.793998,?,?,?,2.81,9.09,6.69,?,996,?,4.8,?,?,?,25.884205
280.888064,?,?,?,4.16,12.12,8.41,?,1000.4,?,4.8,?,?,?,71.314647
280.834927,?,?,?,4.69,12.9,8.91,?,1005.7,?,4.8,?,?,?,96.032773
281.307398,?,?,?,4.26,14.81,8.72,?,1004.3,?,4.8,?,?,?,77.541065
280.089485,?,?,?,4.86,12.9,7.29,?,1001.3,?,4.8,?,?,?,84.371573
280.980668,?,?,?,5.02,12.9,8.17,?,1008.1,?,4.8,?,?,?,100.884761
280.052016,?,?,?,4.87,11.43,8.49,?,1013,?,4.8,?,?,?,98.664676
280.48191,?,?,?,4.76,12.12,8.88,?,1014.7,?,4.8,?,?,?,98.587749
279.013213,?,?,?,3.72,11.43,7.56,?,1014,?,4.8,?,?,?,51.262969
280.639151,?,?,?,3.66,12.12,7,?,1011.8,?,4.8,?,?,?,45.946908
280.065588,?,?,?,3.62,12.12,6.8,?,1009.3,?,4.8,?,?,?,43.663861
281.807586,?,?,?,3.76,10,6.68,?,1006.8,?,4.8,?,?,?,46.275192
281.034552,?,?,?,4,10,6.82,?,1003.1,?,4.8,?,?,?,53.4688
281.219958,?,?,?,4.26,11.43,6.99,?,1004,?,4.8,?,?,?,62.157345
280.273057,?,?,?,4.41,11.43,7.73,?,1006.2,?,4.8,?,?,?,73.663568
281.289214,?,?,?,4.22,9.09,6.82,?,1002.5,?,4.8,?,?,?,59.512111
280.890083,?,?,?,?,?,?,?,996.6,?,?,?,?,?,?
281.712878,?,?,?,6.47,12.12,8.28,?,991.4,?,4.8,?,?,?,169.838043
280.259836,?,?,?,8.84,13.79,9.69,?,990.7,?,4.8,?,?,?,371.043123
279.475048,?,?,?,5.53,14.81,8.46,?,1003.4,?,4.8,?,?,?,126.770063
279.599333,?,?,?,4.65,13.79,8.44,?,1008,?,4.8,?,?,?,89.422011
279.344446,?,?,?,4.39,13.79,8.28,?,1010.5,?,4.8,?,?,?,78.190764
279.244212,?,?,?,4.05,12.9,7.85,?,1011.5,?,4.8,?,?,?,63.092216
279.879924,?,?,?,3.99,10.81,7.36,?,1012.4,?,4.8,?,?,?,57.414249
279.769071,?,?,?,3.47,10.81,7.07,?,1013.1,?,4.8,?,?,?,41.71329
279.474903,?,?,?,4.08,10.81,7.68,?,1014.2,?,4.8,?,?,?,62.643732
279.528801,?,?,?,3.04,10,6.93,?,1015.6,?,4.8,?,?,?,31.381701
278.971873,?,?,?,2.41,10.81,6.87,?,1018,?,4.8,?,?,?,19.551807
279.715674,?,?,?,2.5,10.81,7.01,?,1020.2,?,4.8,?,?,?,21.468125
280.011845,?,?,?,1.99,10,6.87,?,1021.6,?,4.8,?,?,?,13.330885
279.126887,?,?,?,1.81,8.33,6.69,?,1022.5,?,4.8,?,?,?,10.739383
278.830229,?,?,?,1.42,10,5.93,?,1022.2,?,4.9,?,?,?,5.859053
278.602035,?,?,?,1.91,13.79,8.56,?,1022.4,?,4.8,?,?,?,15.301591
278.242428,?,?,?,2.83,12.12,9.29,?,1022.7,?,4.8,?,?,?,36.457314
277.984568,?,?,?,2.03,12.12,8.77,?,1023.9,?,4.8,?,?,?,17.708744
278.432648,?,?,?,1.99,11.43,8.62,?,1024.5,?,4.8,?,?,?,16.72667
277.940569,?,?,?,1.72,11.43,7.75,?,1025.6,?,4.8,?,?,?,11.234524
278.993551,?,?,?,1.77,11.43,6.18,?,1026.6,?,4.8,?,?,?,9.487048
278.439585,?,?,?,1.92,12.12,6.13,?,1027,?,4.8,?,?,?,11.07284
279.28249,?,?,?,1.57,10,5.66,?,1028.1,?,4.8,?,?,?,6.836154
278.923431,?,?,?,1.85,11.43,6.4,?,1028.2,?,4.8,?,?,?,10.73296
278.905868,?,?,?,1.67,10.81,6.53,?,1026.9,?,4.8,?,?,?,8.923643
278.246207,?,?,?,1.72,12.9,8.19,?,1026.3,?,4.8,?,?,?,11.872355
278.859702,?,?,?,1.3,12.12,7.78,?,1025.6,?,4.8,?,?,?,6.442618
278.914513,?,?,?,1.41,13.79,8.1,?,1025.7,?,4.8,?,?,?,7.890769
278.709971,?,?,?,1.26,11.43,4.74,?,1025.8,?,4.8,?,?,?,3.68736
278.502152,?,?,?,2.03,5.26,4.77,?,1025.4,?,4.8,?,?,?,9.63178
278.85687,?,?,?,2.23,6.67,4.81,?,1025.1,?,4.8,?,?,?,11.720628
279.042686,?,?,?,2.95,7.14,5.61,?,1026.2,?,4.8,?,?,?,23.922302
279.218591,?,?,?,3.11,7.69,5.92,?,1028.2,?,4.8,?,?,?,28.056828
278.795338,?,?,?,3.36,9.09,6.77,?,1032.1,?,4.8,?,?,?,37.45099
278.624939,?,?,?,3.31,10.81,6.67,?,1034.3,?,4.8,?,?,?,35.807822
278.154779,?,?,?,2.76,10.81,6.43,?,1037.2,?,4.8,?,?,?,24.000772
277.852254,?,?,?,2.69,10.81,6.87,?,1037.7,?,4.8,?,?,?,24.358883
277.201989,?,?,?,2.66,10,6.92,?,1038.1,?,4.9,?,?,?,23.991944
277.444951,?,?,?,2.36,10,7.04,?,1037.1,?,5,?,?,?,19.212892
277.278897,?,?,?,2.09,10,7.67,?,1036,?,5,?,?,?,16.41663
276.944239,?,?,?,1.89,10,7.37,?,1033.8,?,4.9,?,?,?,12.899925
276.960348,?,?,?,1.53,8.33,6.86,?,1030,?,4.9,?,?,?,7.868701
278.311644,?,?,?,1.46,10,4.85,?,1022.5,?,4.9,?,?,?,5.065747
277.476097,?,?,?,1.78,5,4.57,?,1009.2,?,4.9,?,?,?,7.094998
276.801611,?,?,?,3.54,7.69,6.27,?,992.7,?,4.8,?,?,?,38.500835
276.218384,?,?,?,3.77,9.09,7.11,?,992.5,?,4.9,?,?,?,49.516322
277.890774,?,?,?,3.53,7.69,5.86,?,997.5,?,4.8,?,?,?,35.780228
278.128457,?,?,?,4.35,9.09,6.39,?,1005,?,4.8,?,?,?,59.24824
278.164746,?,?,?,3.48,10,6.29,?,1011.1,?,4.8,?,?,?,37.325464
278.770417,?,?,?,3.22,9.09,6.4,?,1015.3,?,4.7,?,?,?,32.515302
279.17301,?,?,?,2.83,9.09,6.56,?,1018.2,?,4.7,?,?,?,25.743808
278.45212,?,?,?,2.73,8.33,6.76,?,1017.9,?,4.7,?,?,?,24.686986
278.34932,?,?,?,2.31,8.33,6.39,?,1015,?,4.7,?,?,?,16.707863
276.951336,?,?,?,2.04,8.33,7.07,?,1010.4,?,4.8,?,?,?,14.417031
276.854215,?,?,?,2.33,9.09,6.85,?,1006.9,?,4.9,?,?,?,18.222103
276.446522,?,?,?,2.02,9.09,7.03,?,1003.1,?,4.8,?,?,?,14.055754
278.000154,?,?,?,2.55,10,6.68,?,1001.2,?,4.9,?,?,?,21.283983
277.146939,?,?,?,2.12,8.33,5.55,?,1000,?,4.9,?,?,?,12.222521
277.773693,?,?,?,3.2,9.09,5.87,?,1000.7,?,4.7,?,?,?,29.453312
277.485603,?,?,?,3.7,10,6.32,?,1002.8,?,4.7,?,?,?,42.395192
277.110782,?,?,?,3.1,10,6.11,?,1004.2,?,4.8,?,?,?,28.771379
275.931657,?,?,?,2.76,10,6.55,?,1003.9,?,4.8,?,?,?,24.448687
275.949952,?,?,?,2.52,8.33,6.85,?,1002.3,?,4.8,?,?,?,21.315118
275.455692,?,?,?,2.45,10,6.34,?,999,?,4.8,?,?,?,18.647367
275.486876,?,?,?,1.92,9.09,5.34,?,995,?,4.8,?,?,?,9.645834
273.520761,?,?,?,2.27,6.25,5.22,?,991.7,?,4.8,?,?,?,13.180088
271.463843,?,?,?,2.78,8.33,6.62,?,988.8,?,4.8,?,?,?,25.069384
270.741521,?,?,?,3.99,8.33,6.71,?,983.6,?,4.7,?,?,?,52.343697
269.552048,?,?,?,3.24,9.09,6.55,?,982.2,?,4.7,?,?,?,33.692047
269.698081,?,?,?,4.18,9.09,6.75,?,982.4,?,4.7,?,?,?,57.789963
268.546093,?,?,?,2.87,10,6.55,?,982.9,?,4.5,?,?,?,26.436331
268.897223,?,?,?,2.71,9.09,6.66,?,981.3,?,4.7,?,?,?,23.966736
268.274452,?,?,?,2.37,9.09,5.52,?,979.3,?,4.5,?,?,?,15.192591
269.35113,?,?,?,2.63,9.09,5.95,?,977.9,?,4.5,?,?,?,20.166222
268.929243,?,?,?,2.53,7.69,5.53,?,977.7,?,4.4,?,?,?,17.344519
269.643057,?,?,?,2.7,7.14,5.85,?,978.2,?,4.4,?,?,?,20.896785
269.520778,?,?,?,2.23,8.33,6.05,?,975.8,?,4.3,?,?,?,14.742162
270.139293,?,?,?,2.09,10,6.43,?,973.3,?,4.3,?,?,?,13.762573
270.353015,?,?,?,1.88,9.09,6.56,?,971.6,?,4.4,?,?,?,11.360975
271.973402,?,?,?,2.21,10.81,6.34,?,971.3,?,4.4,?,?,?,15.172945
272.382207,?,?,?,2.69,10,6.43,?,975.6,?,4.4,?,?,?,22.79878
272.66278,?,?,?,2.63,9.09,6.78,?,979.5,?,4.4,?,?,?,22.979325
271.938909,?,?,?,2.21,10.81,6.63,?,982.4,?,4.4,?,?,?,15.866976
272.91333,?,?,?,2.66,10.81,7.05,?,984.1,?,4.3,?,?,?,24.44266
272.0019,?,?,?,2.44,12.12,6.99,?,984.9,?,4.3,?,?,?,20.391675
272.84369,?,?,?,1.84,11.43,6.68,?,984.4,?,4.3,?,?,?,11.081746
273.064221,?,?,?,2.06,10.81,6.71,?,984.7,?,4.3,?,?,?,13.952532
274.142391,?,?,?,2.06,10,6.7,?,985.6,?,4.3,?,?,?,13.931739
273.709129,?,?,?,2.58,7.69,5.54,?,987.2,?,4.3,?,?,?,18.069463
272.416363,?,?,?,2.11,5.88,5.29,?,992.5,?,4.3,?,?,?,11.540288
272.094624,?,?,?,2.12,12.12,6,?,996.2,?,4.3,?,?,?,13.213536
271.446091,?,?,?,2.27,10.81,6.21,?,997.9,?,4.3,?,?,?,15.679759
272.294186,?,?,?,2.42,10,6.42,?,998.1,?,4.2,?,?,?,18.423063
272.60572,?,?,?,2.19,10,5.82,?,1001.7,?,4.2,?,?,?,13.677518
272.86838,?,?,?,2.2,6.67,5.42,?,1004.8,?,4.3,?,?,?,12.854072
273.031422,?,?,?,2.53,6.67,5.46,?,1008.7,?,4.2,?,?,?,17.124968
273.372893,?,?,?,2.78,8.33,5.9,?,1012.1,?,4.2,?,?,?,22.342804
273.201737,?,?,?,2.62,10.81,5.94,?,1015.7,?,4.2,?,?,?,19.979523
273.703513,?,?,?,2.22,9.09,6.43,?,1017,?,4.2,?,?,?,15.52791
276.038711,?,?,?,1.81,9.09,4.99,?,1014.1,?,4.2,?,?,?,8.010392
276.570326,?,?,?,2.81,5.88,5.37,?,1012.2,?,4.2,?,?,?,20.777008
277.818828,?,?,?,?,?,?,?,1014.8,?,4.2,?,?,?,?
277.620339,?,?,?,2.11,7.14,5.65,?,1017,?,4.2,?,?,?,12.325639
277.939809,?,?,?,2.3,7.14,6.21,?,1018.3,?,4.2,?,?,?,16.096941
278.58251,?,?,?,1.96,8.33,6.07,?,1020,?,4.2,?,?,?,11.426071
278.419374,?,?,?,2.03,8.33,5.05,?,1017.8,?,4.3,?,?,?,10.197167
278.404363,?,?,?,2.96,7.14,5.69,?,1015,?,4.2,?,?,?,24.428217
277.582109,?,?,?,?,?,?,?,1011.9,?,4.3,?,?,?,?
277.230734,?,?,?,?,?,?,?,1009.4,?,4.3,?,?,?,?
277.033982,?,?,?,6.32,11.43,7.73,?,1008.1,?,4.3,?,?,?,151.289828
276.779135,?,?,?,?,?,?,?,1008.2,?,4.3,?,?,?,?
277.001673,?,?,?,6.21,10.81,8.05,?,1008.2,?,4.3,?,?,?,152.116092
276.950204,?,?,?,6.09,10.81,8.05,?,1008.8,?,4.3,?,?,?,146.29401
277.856138,?,?,?,4.32,12.12,7.22,?,1009.7,?,4.3,?,?,?,66.023839
277.660087,?,?,?,4.14,9.09,7.47,?,1010.4,?,4.3,?,?,?,62.736078
278.426475,?,?,?,3.51,11.43,7.36,?,1012.4,?,4.3,?,?,?,44.431209
278.9528,?,?,?,3.1,10,6.4,?,1012.1,?,4.3,?,?,?,30.13696
278.515322,?,?,?,3.8,9.09,6.27,?,1007.4,?,4.3,?,?,?,44.364012
279.105417,?,?,?,4.87,10,7.05,?,1002.3,?,4.4,?,?,?,81.930031
280.052144,?,?,?,5.27,11.43,7.47,?,999.3,?,4.4,?,?,?,101.657146
280.809062,?,?,?,4.8,11.43,7.65,?,999.2,?,4.4,?,?,?,86.36544
280.214991,?,?,?,3.89,10.81,6.72,?,997.7,?,4.3,?,?,?,49.826979
280.298515,?,?,?,3.67,10,6.81,?,998.5,?,4.4,?,?,?,44.944372
279.697564,?,?,?,3.54,10.81,7.42,?,999.9,?,4.4,?,?,?,45.562391
280.557223,?,?,?,3.44,10,7.25,?,1000.2,?,4.4,?,?,?,42.038864
278.858878,?,?,?,2.72,10.81,7.56,?,1003.9,?,4.4,?,?,?,27.406633
279.1011,?,?,?,2.61,10,7.16,?,1010.4,?,4.5,?,?,?,23.899572
278.767013,?,?,?,2.21,9.09,7.39,?,1015.5,?,4.4,?,?,?,17.685815
279.336015,?,?,?,2.36,10,7.85,?,1018.2,?,4.5,?,?,?,21.423466
279.394126,?,?,?,2.26,9.09,7.6,?,1018.7,?,4.6,?,?,?,19.020702
278.895384,?,?,?,2.08,9.09,7.66,?,1017,?,4.6,?,?,?,16.23871
278.947705,?,?,?,1.89,9.09,7.37,?,1015.5,?,4.6,?,?,?,12.899925
280.290094,?,?,?,1.36,9.09,6.38,?,1013.4,?,4.6,?,?,?,5.78222
280.126969,?,?,?,1.22,9.09,4.91,?,1012.3,?,4.5,?,?,?,3.580942
279.159507,?,?,?,1.56,9.09,5.41,?,1010.5,?,4.4,?,?,?,6.45123
278.881042,?,?,?,1.77,4.35,4.86,?,1009.7,?,4.7,?,?,?,7.460688
278.945192,?,?,?,2.32,13.79,5.86,?,1009.8,?,4.7,?,?,?,15.455023
278.031412,?,?,?,2.78,12.9,7.19,?,1010.3,?,4.5,?,?,?,27.227926
276.863414,?,?,?,3.02,12.9,8.02,?,1010.4,?,4.4,?,?,?,35.841348
276.702934,?,?,?,2.95,12.9,8.04,?,1010.8,?,4.5,?,?,?,34.284369
276.786738,?,?,?,2.42,12.9,8.25,?,1010.3,?,4.4,?,?,?,23.674497
276.999882,?,?,?,2.33,10.81,7.72,?,1010.5,?,4.5,?,?,?,20.536443
276.831598,?,?,?,2.41,11.43,8.77,?,1010.7,?,4.9,?,?,?,24.959148
276.664846,?,?,?,2.13,11.43,7.67,?,1011.4,?,4.8,?,?,?,17.051031
277.015669,?,?,?,1.99,12.12,8.56,?,1012.2,?,4.8,?,?,?,16.610243
276.76061,?,?,?,2.11,11.43,8.03,?,1012.8,?,4.8,?,?,?,17.517678
276.58548,?,?,?,1.61,10.81,7.88,?,1012.6,?,4.6,?,?,?,10.008617
276.408286,?,?,?,1.59,9.09,6.73,?,1012,?,4.8,?,?,?,8.336915
276.676743,?,?,?,1.48,9.09,6.45,?,1010.5,?,4.6,?,?,?,6.922759
276.331553,?,?,?,1.73,9.09,6.41,?,1008.7,?,4.6,?,?,?,9.4004
276.122022,?,?,?,1.78,7.69,6.1,?,1006.4,?,4.9,?,?,?,9.470348
275.906633,?,?,?,2.62,10,7.65,?,1005.2,?,4.9,?,?,?,25.731203
277.080321,?,?,?,2.36,10,7.65,?,1003.8,?,4.7,?,?,?,20.877646
276.392143,?,?,?,2.51,11.43,7.22,?,1003,?,4.7,?,?,?,22.288494
276.771776,?,?,?,1.86,10.81,5.3,?,1001,?,4.7,?,?,?,8.984581
276.987941,?,?,?,2.4,8.33,5.28,?,998.7,?,4.7,?,?,?,14.902272
277.309625,?,?,?,2.63,6.67,5.54,?,996.2,?,4.7,?,?,?,18.776617
277.912099,?,?,?,3.04,7.69,5.82,?,991.2,?,4.7,?,?,?,26.355195
278.608366,?,?,?,3.8,8.33,6.31,?,984.4,?,4.6,?,?,?,44.647036
278.354634,?,?,?,?,?,?,?,981,?,4.5,?,?,?,?
277.835998,?,?,?,3.56,10,6.23,?,980.7,?,4.5,?,?,?,38.688699
278.074874,?,?,?,3.24,10,6.96,?,981.4,?,4.6,?,?,?,35.801015
277.844529,?,?,?,2.78,9.09,6.8,?,983.1,?,4.7,?,?,?,25.751029
276.527893,?,?,?,2.74,10.81,6.32,?,985.2,?,4.6,?,?,?,23.249536
276.637,?,?,?,2.51,10.81,6.42,?,988.3,?,4.7,?,?,?,19.818855
276.527476,?,?,?,2.88,7.69,6.08,?,992.7,?,4.7,?,?,?,24.710676
277.021246,?,?,?,2.95,7.69,6.69,?,997.4,?,4.9,?,?,?,28.527665
277.467684,?,?,?,2.47,10.81,6.36,?,998,?,4.9,?,?,?,19.012845
278.086716,?,?,?,2.82,5.56,5.59,?,992.2,?,4.8,?,?,?,21.782419
278.401286,?,?,?,4.54,8.33,6.74,?,982.3,?,4.8,?,?,?,68.07187
278.356306,?,?,?,3.62,9.09,6.72,?,983.5,?,4.7,?,?,?,43.150168
277.989668,?,?,?,3.91,9.09,6.43,?,982.5,?,4.8,?,?,?,48.168217
277.996906,?,?,?,7.75,17.39,9.84,?,984.2,?,4.7,?,?,?,289.59735
278.105982,?,?,?,5.91,14.81,8.44,?,986.1,?,4.7,?,?,?,144.44865
277.780138,?,?,?,5.05,12.9,7.82,?,992.3,?,4.7,?,?,?,97.720479
276.770725,?,?,?,4.93,12.12,7.72,?,997,?,4.7,?,?,?,91.940576
276.388994,?,?,?,4.37,12.12,7.3,?,1001.6,?,4.6,?,?,?,68.309611
276.242234,?,?,?,4.12,10.81,7.7,?,1003.2,?,4.6,?,?,?,64.044411
277.218138,?,?,?,3.72,10,6.36,?,997.8,?,4.6,?,?,?,43.12599
278.689432,?,?,?,4.5,10,6.87,?,988.2,?,4.6,?,?,?,68.167575
278.793001,?,?,?,5.15,11.43,8.47,?,987.5,?,4.7,?,?,?,110.076332
279.121451,?,?,?,4.52,11.43,8.08,?,980.4,?,4.6,?,?,?,80.88804
277.682821,?,?,?,4.71,12.12,7.88,?,971.8,?,4.7,?,?,?,85.657247
277.921164,?,?,?,4.3,12.9,8,?,967.1,?,4.7,?,?,?,72.4808
275.469441,?,?,?,6.44,12.9,7.96,?,979.3,?,4.6,?,?,?,161.763629
274.118995,?,?,?,7.91,13.79,9.35,?,989.7,?,4.5,?,?,?,286.65575
272.185232,?,?,?,6.2,12.12,8.33,?,999,?,4.5,?,?,?,156.900548
271.917529,?,?,?,4.43,11.43,7.54,?,1005.1,?,4.5,?,?,?,72.506156
271.297143,?,?,?,3.45,9.09,7.33,?,1008.2,?,4.5,?,?,?,42.750209
272.804875,?,?,?,3.07,10.81,7.66,?,1008.1,?,4.4,?,?,?,35.37542
272.193332,?,?,?,2.1,10,6.89,?,1008.8,?,4.6,?,?,?,14.888601
271.621472,?,?,?,1.76,9.09,5.54,?,1009.6,?,4.5,?,?,?,8.408745
272.064917,?,?,?,1.84,9.09,5.62,?,1009.5,?,4.5,?,?,?,9.323265
276.049244,?,?,?,2.28,10,5.68,?,1005.2,?,4.6,?,?,?,14.468187
277.454798,?,?,?,3.34,7.69,6.01,?,999,?,4.6,?,?,?,32.852126
278.145448,?,?,?,3.22,9.09,6.65,?,1001.8,?,4.6,?,?,?,33.785431
277.912053,?,?,?,3.47,10.81,6.73,?,1005.6,?,4.6,?,?,?,39.707276
277.546555,?,?,?,3.61,10.81,6.97,?,1008.6,?,4.6,?,?,?,44.508531
277.720215,?,?,?,4.36,12.9,8.12,?,1009.1,?,4.6,?,?,?,75.635396
277.048778,?,?,?,3.7,12.9,7.62,?,1008.9,?,4.7,?,?,?,51.115722
276.981577,?,?,?,3.3,12.9,7.99,?,1008.9,?,4.7,?,?,?,42.635439
276.778287,?,?,?,3.65,12.9,8.12,?,1009.3,?,4.7,?,?,?,53.007563
277.136096,?,?,?,3.32,16,8.48,?,1010.5,?,4.8,?,?,?,45.800276
277.024962,?,?,?,3.09,11.43,6.92,?,1013.9,?,4.7,?,?,?,32.375697
277.758743,?,?,?,3.95,8.33,6.88,?,1016.4,?,4.7,?,?,?,52.599148
277.492082,?,?,?,3.49,10.81,6.58,?,1017.9,?,4.7,?,?,?,39.271078
276.80524,?,?,?,3.13,9.09,6.84,?,1019.6,?,4.7,?,?,?,32.83529
276.563391,?,?,?,2.25,7.69,6.04,?,1021,?,4.7,?,?,?,14.982975
276.367195,?,?,?,2.19,10,6.68,?,1021.7,?,4.7,?,?,?,15.698595
276.616521,?,?,?,1.54,9.09,5.86,?,1021.1,?,4.7,?,?,?,6.809812
277.422679,?,?,?,1.02,7.69,4.46,?,1019.2,?,4.9,?,?,?,2.27369
277.789394,?,?,?,2.15,5.26,4.63,?,1015.5,?,4.8,?,?,?,10.487066
277.6387,?,?,?,3.08,6.25,5.74,?,1012,?,4.8,?,?,?,26.681449
277.424194,?,?,?,4.53,8.33,6.78,?,1011.5,?,4.7,?,?,?,68.174534
277.001971,?,?,?,3.57,8.33,6.69,?,1013,?,4.7,?,?,?,41.779057
277.926289,?,?,?,3.28,8.33,6.42,?,1016.4,?,4.6,?,?,?,33.843775
277.731484,?,?,?,3.32,10,6.93,?,1018.6,?,4.6,?,?,?,37.428764
278.070635,?,?,?,3.42,11.43,6.55,?,1020.9,?,4.6,?,?,?,37.539596
278.464599,?,?,?,3.13,10,6.34,?,1022.1,?,4.6,?,?,?,30.43505
278.290928,?,?,?,2.75,7.14,5.56,?,1022.5,?,4.6,?,?,?,20.603275
278.339474,?,?,?,2.92,7.14,5.57,?,1022.5,?,4.5,?,?,?,23.271104
277.873137,?,?,?,3.74,8.33,6.2,?,1022.2,?,4.5,?,?,?,42.494329
277.976275,?,?,?,3.36,8.33,5.89,?,1020.5,?,4.6,?,?,?,32.582915
277.790441,?,?,?,4.45,9.09,6.88,?,1018.9,?,4.5,?,?,?,66.758188
278.187688,?,?,?,4.77,10.81,7.15,?,1018.1,?,4.4,?,?,?,79.714785
277.8907,?,?,?,5.26,10.81,7.91,?,1016.3,?,4.4,?,?,?,107.236851
277.104955,?,?,?,4.72,11.43,7.58,?,1014.1,?,4.5,?,?,?,82.746433
276.582032,?,?,?,4.53,10.81,7.41,?,1010.8,?,4.4,?,?,?,74.509336
277.189202,?,?,?,4.35,12.12,7.95,?,1008.6,?,4.4,?,?,?,73.712599
277.629035,?,?,?,3.54,11.43,7.52,?,1007.7,?,4.4,?,?,?,46.17644
277.847257,?,?,?,4,12.12,7.9,?,1007.3,?,4.5,?,?,?,61.936
277.761928,?,?,?,3.24,12.12,7.51,?,1006.9,?,4.4,?,?,?,38.630118
278.195147,?,?,?,2.31,10,6.9,?,1006.7,?,4.4,?,?,?,18.041354
277.310743,?,?,?,2.01,10,6.87,?,1006.2,?,4.4,?,?,?,13.600189
277.854288,?,?,?,1.92,9.09,6.73,?,1006.8,?,4.5,?,?,?,12.156641
278.110826,?,?,?,1.54,9.09,6.31,?,1006.7,?,4.4,?,?,?,7.33275
278.280691,?,?,?,1.48,9.09,6.29,?,1007.7,?,4.4,?,?,?,6.751032
277.964094,?,?,?,1.15,7.69,5.54,?,1007.9,?,4.4,?,?,?,3.590058
278.648458,?,?,?,1.14,7.69,5.92,?,1008.1,?,4.6,?,?,?,3.76988
278.561916,?,?,?,1.06,5.88,5.02,?,1007.5,?,4.8,?,?,?,2.763831
279.255155,?,?,?,?,?,?,?,1006.7,?,4.7,?,?,?,?
278.372395,?,?,?,1.95,6.25,4.96,?,1004.9,?,4.7,?,?,?,9.241596
278.216523,?,?,?,2.14,8.33,4.88,?,1003.7,?,4.6,?,?,?,10.95074
277.671588,?,?,?,2.28,6.67,4.99,?,1002.9,?,4.6,?,?,?,12.710608
277.722666,?,?,?,1.76,7.14,4.78,?,1003.3,?,4.5,?,?,?,7.255199
277.695462,?,?,?,1.6,7.14,4.48,?,1003.1,?,4.5,?,?,?,5.619712
277.934439,?,?,?,2.03,8.33,5.18,?,1004.8,?,4.6,?,?,?,10.459668
278.038619,?,?,?,1.84,7.69,5.04,?,1007.8,?,4.5,?,?,?,8.361078
278.496119,?,?,?,1.57,10,5.88,?,1011.4,?,4.4,?,?,?,7.10187
278.3359,?,?,?,1.44,10,6.03,?,1014.4,?,4.6,?,?,?,6.126866
278.814062,?,?,?,1.25,10,5.42,?,1016.7,?,4.9,?,?,?,4.149687
277.339884,?,?,?,1.52,10,5.77,?,1019.3,?,4.8,?,?,?,6.532194
277.92402,?,?,?,1.51,10,5.91,?,1020.8,?,4.7,?,?,?,6.602942
277.011932,?,?,?,1.5,8.33,6.27,?,1021.9,?,4.8,?,?,?,6.912675
277.377556,?,?,?,1.28,9.09,5.94,?,1020.4,?,5,?,?,?,4.768727
276.640978,?,?,?,1.24,10,6.1,?,1018.1,?,4.9,?,?,?,4.595886
276.679135,?,?,?,0.96,7.14,5.92,?,1015.1,?,4.8,?,?,?,2.673377
275.805485,?,?,?,0.86,8.33,6.06,?,1012.9,?,4.7,?,?,?,2.196168
276.33068,?,?,?,1.62,10.81,6.67,?,1011,?,4.9,?,?,?,8.577327
276.616684,?,?,?,?,?,?,?,1010.6,?,4.8,?,?,?,?
276.66279,?,?,?,1.75,9.09,7.04,?,1009.8,?,4.8,?,?,?,10.5644
276.237024,?,?,?,2.4,11.43,7.63,?,1009.9,?,4.8,?,?,?,21.534912
276.577928,?,?,?,2.45,14.81,8.76,?,1009.8,?,5.4,?,?,?,25.765131
276.54651,?,?,?,2.92,13.79,9.21,?,1009.5,?,5.2,?,?,?,38.478791
276.908499,?,?,?,2.11,12.9,8.41,?,1007.7,?,5.1,?,?,?,18.346659
277.353429,?,?,?,1.89,12.12,6.46,?,1005,?,4.9,?,?,?,11.307125
277.86314,?,?,?,2.37,10,5.54,?,1000.2,?,5.1,?,?,?,15.247637
277.851007,?,?,?,2.2,6.25,5.01,?,994.6,?,5.1,?,?,?,11.881716
277.432795,?,?,?,2.21,6.67,5.48,?,991.6,?,5,?,?,?,13.114785
278.25352,?,?,?,1.67,6.67,5.35,?,992.2,?,5.1,?,?,?,7.311101
278.077234,?,?,?,2.16,7.69,5.9,?,993.9,?,5.1,?,?,?,13.48825
278.120993,?,?,?,1.95,7.14,5.93,?,994.7,?,5.1,?,?,?,11.048924
278.246168,?,?,?,2.51,9.09,6.7,?,995.3,?,5,?,?,?,20.683228
278.53219,?,?,?,1.99,12.9,6.67,?,996.2,?,5,?,?,?,12.942795
278.380191,?,?,?,2.01,9.09,6.85,?,997.4,?,5.2,?,?,?,13.560596
277.952741,?,?,?,1.92,11.43,7.07,?,999.9,?,5.1,?,?,?,12.770796
278.072044,?,?,?,1.96,13.79,7.13,?,1001.1,?,5,?,?,?,13.421398
278.055976,?,?,?,1.58,12.9,6.86,?,1001.2,?,5,?,?,?,8.391399
278.157331,?,?,?,1.75,10.81,7.39,?,1000.3,?,5.3,?,?,?,11.089619
278.038794,?,?,?,1.29,7.14,5.13,?,997.6,?,5.7,?,?,?,4.183048
278.232088,?,?,?,1.89,12.9,5.22,?,995.2,?,5.5,?,?,?,9.136717
278.457316,?,?,?,1.75,6.25,4.98,?,995.1,?,5.1,?,?,?,7.473113
278.605982,?,?,?,1.61,12.9,5.13,?,996.9,?,5.2,?,?,?,6.515762
277.402809,?,?,?,2.1,5.26,4.91,?,997,?,4.9,?,?,?,10.610019
275.651273,?,?,?,3.12,7.69,5.9,?,998.4,?,4.8,?,?,?,28.14215
274.727045,?,?,?,3.69,8.33,6.24,?,1000.2,?,4.8,?,?,?,41.632587
275.228935,?,?,?,3.53,9.09,6.36,?,1002.8,?,4.8,?,?,?,38.833149
275.536728,?,?,?,3.26,8.33,6.32,?,1002.7,?,4.8,?,?,?,32.911552
275.98647,?,?,?,2.29,9.09,6.53,?,1002.2,?,4.8,?,?,?,16.779547
275.966236,?,?,?,2,8.33,5.96,?,1004,?,4.7,?,?,?,11.6816
275.167041,?,?,?,1.49,10,6.15,?,1007.4,?,5,?,?,?,6.690271
275.637719,?,?,?,1.93,10,6.73,?,1008,?,5.2,?,?,?,12.283603
276.059448,?,?,?,2.06,9.09,7.26,?,1008,?,5.1,?,?,?,15.096183
276.712074,?,?,?,1.62,9.09,6.16,?,1009.5,?,5.2,?,?,?,7.921489
276.909414,?,?,?,1.39,9.09,5.99,?,1015.6,?,5.3,?,?,?,5.670907
276.397524,?,?,?,1.44,10,6.49,?,1019.7,?,5.1,?,?,?,6.594255
277.0125,?,?,?,1.83,9.09,7.47,?,1022.4,?,5.2,?,?,?,12.257979
277.33006,?,?,?,1.72,9.09,7.74,?,1024.7,?,5.1,?,?,?,11.220028
277.5122,?,?,?,1.82,10,5.62,?,1025.6,?,5.3,?,?,?,9.121687
277.697612,?,?,?,1.88,5,4.92,?,1023.6,?,5.2,?,?,?,8.520732
278.234976,?,?,?,2.03,7.14,5.1,?,1021.5,?,5.2,?,?,?,10.298129
278.918859,?,?,?,2.55,7.69,5.32,?,1018.2,?,5.1,?,?,?,16.950717
278.869956,?,?,?,?,?,?,?,1014.9,?,5.2,?,?,?,?
279.346359,?,?,?,3.64,9.09,6.47,?,1012.7,?,5.1,?,?,?,42.005207
278.274509,?,?,?,3.35,9.09,6.63,?,1015.9,?,5.1,?,?,?,36.458536
278.516099,?,?,?,3.43,9.09,6.89,?,1019.1,?,5.1,?,?,?,39.719479
278.119562,?,?,?,2.87,9.09,6.95,?,1019.5,?,5.4,?,?,?,28.050763
277.897691,?,?,?,2.52,9.09,6.77,?,1017.1,?,5.3,?,?,?,21.066182
278.024847,?,?,?,1.93,7.69,6.42,?,1013.6,?,5.2,?,?,?,11.71779
277.388407,?,?,?,1.66,8.33,6.14,?,1011.6,?,5.2,?,?,?,8.290498
277.987493,?,?,?,1.42,8.33,6.03,?,1010.2,?,5.5,?,?,?,5.957857
277.059876,?,?,?,1.84,12.9,7.42,?,1009.3,?,5.5,?,?,?,12.309364
277.984177,?,?,?,2.87,12.9,9.24,?,1007.9,?,5.5,?,?,?,37.293388
278.004879,?,?,?,2.21,12.12,8.03,?,1007.9,?,5.4,?,?,?,19.217468
278.095535,?,?,?,2.62,10.81,8.92,?,1007.6,?,5.9,?,?,?,30.00292
278.049275,?,?,?,1.95,11.43,7.92,?,1006.5,?,5.5,?,?,?,14.756742
278.371492,?,?,?,1.85,11.43,5.81,?,1003.4,?,5.4,?,?,?,9.743515
278.611054,?,?,?,1.67,11.43,6.2,?,1000.7,?,5.3,?,?,?,8.472678
278.11542,?,?,?,1.93,10.81,7.25,?,998.3,?,5.6,?,?,?,13.232707
277.837479,?,?,?,1.81,10,7.16,?,996.9,?,5.6,?,?,?,11.493869
278.267509,?,?,?,1.98,10,7.94,?,995.5,?,5.5,?,?,?,15.252708
278.126658,?,?,?,2.11,10.81,7.43,?,995.4,?,5.4,?,?,?,16.20876
278.380961,?,?,?,2.44,10,5.86,?,996.6,?,5.5,?,?,?,17.095167
278.318896,?,?,?,1.99,6.25,5.82,?,998.1,?,5.4,?,?,?,11.293413
278.296825,?,?,?,1.75,11.43,6.08,?,997.7,?,5.3,?,?,?,9.1238
278.054651,?,?,?,1.54,9.09,5.23,?,996.7,?,5.4,?,?,?,6.077699
278.402826,?,?,?,1.94,5.56,4.75,?,994.4,?,5.3,?,?,?,8.759779
278.890258,?,?,?,?,?,?,?,991.5,?,5.3,?,?,?,?
278.380221,?,?,?,4.82,10,7.03,?,987.2,?,5.4,?,?,?,80.028648
279.21812,?,?,?,6.47,11.43,8.23,?,985.2,?,5.6,?,?,?,168.812451
279.42054,?,?,?,5.69,12.12,7.95,?,985.1,?,5.6,?,?,?,126.121098
279.236923,?,?,?,4.09,12.9,7.06,?,985.7,?,5.5,?,?,?,57.869189
280.124752,?,?,?,4.42,12.12,7.09,?,984.8,?,5.6,?,?,?,67.871407
280.64618,?,?,?,4.6,11.43,7.24,?,987.3,?,5.7,?,?,?,75.067216
279.273621,?,?,?,3.76,12.12,7.65,?,993.8,?,5.7,?,?,?,52.994794
279.016297,?,?,?,3.05,10,6.44,?,1003.4,?,5.8,?,?,?,29.354969
278.950065,?,?,?,2.58,10.81,6.84,?,1007.7,?,5.8,?,?,?,22.30959
279.306229,?,?,?,2.34,10.81,7.07,?,1010.1,?,5.8,?,?,?,18.969121
279.404974,?,?,?,2.56,11.43,7.24,?,1011.4,?,6,?,?,?,23.249551
279.854182,?,?,?,2.21,10.81,6.99,?,1010.7,?,6,?,?,?,16.728531
279.415614,?,?,?,2.11,10.81,6.6,?,1010.9,?,5.9,?,?,?,14.398091
279.288194,?,?,?,1.6,9.09,5.83,?,1010.1,?,5.8,?,?,?,7.313152
278.827001,?,?,?,1.46,10,5.04,?,1009.1,?,5.9,?,?,?,5.264199
278.872499,?,?,?,1.47,8.33,4.78,?,1007,?,6,?,?,?,5.06126
278.835325,?,?,?,1.78,5.88,5.03,?,1004.9,?,5.9,?,?,?,7.809155
279.152196,?,?,?,2.4,7.69,5.75,?,1003.3,?,5.7,?,?,?,16.2288
278.576169,?,?,?,2.59,7.69,5.94,?,1003.4,?,5.8,?,?,?,19.524596
278.180317,?,?,?,2.75,14.81,8.33,?,1003.5,?,5.5,?,?,?,30.867856
277.981857,?,?,?,2.75,13.79,7.62,?,1002.9,?,5.5,?,?,?,28.236863
278.955923,?,?,?,2.25,13.79,6.54,?,1004.6,?,5.7,?,?,?,16.223287
277.82288,?,?,?,2.39,10.81,7.15,?,1006.9,?,5.9,?,?,?,20.012342
278.012189,?,?,?,2.42,11.43,6.67,?,1006.1,?,5.9,?,?,?,19.140472
278.038778,?,?,?,1.99,11.43,5.64,?,1003,?,5.8,?,?,?,10.944132
278.585145,?,?,?,2.71,5.56,5.45,?,996.3,?,5.8,?,?,?,19.612419
278.198929,?,?,?,4.78,8.33,6.79,?,989.5,?,5.7,?,?,?,76.018912
278.919922,?,?,?,5.16,10,7.28,?,983.3,?,5.5,?,?,?,94.97884
279.101708,?,?,?,4.61,10.81,7.57,?,980.4,?,5.5,?,?,?,78.830415
278.815933,?,?,?,3.48,9.09,7.12,?,982.9,?,5.5,?,?,?,42.250764
279.242569,?,?,?,4.39,12.9,7.96,?,984.8,?,5.6,?,?,?,75.168899
278.862301,?,?,?,3.95,14.81,8.66,?,986.5,?,5.6,?,?,?,66.207649
279.437058,?,?,?,4.15,13.79,8.3,?,987.9,?,5.7,?,?,?,70.043908
279.560277,?,?,?,3.66,12.9,8.39,?,989.7,?,5.8,?,?,?,55.070651
279.316803,?,?,?,3.64,12.9,8.19,?,992.7,?,6,?,?,?,53.17197
278.923496,?,?,?,3.01,11.43,7.82,?,995.9,?,6,?,?,?,34.716491
278.671823,?,?,?,2.52,10.81,7.42,?,999.8,?,5.9,?,?,?,23.088784
279.014824,?,?,?,2.37,10,7.16,?,1004.8,?,5.9,?,?,?,19.706332
278.472671,?,?,?,1.84,11.43,6.69,?,1009.1,?,6.2,?,?,?,11.098335
278.608831,?,?,?,1.65,10,6.3,?,1013.1,?,6.3,?,?,?,8.404357
278.371548,?,?,?,1.42,10.81,6.55,?,1016.1,?,6.2,?,?,?,6.471636
279.020698,?,?,?,1.53,10,6.94,?,1020.6,?,6.3,?,?,?,7.960465
279.374474,?,?,?,1.34,10,7.46,?,1024.6,?,6.9,?,?,?,6.563636
279.652701,?,?,?,1.49,10,7.56,?,1027.6,?,6.7,?,?,?,8.224138
279.363974,?,?,?,1.78,9.09,8.43,?,1030.3,?,6.6,?,?,?,13.08771
279.172905,?,?,?,1.64,9.09,8.02,?,1032.7,?,6.8,?,?,?,10.56959
280.332226,?,?,?,1.57,10,7.17,?,1033.9,?,7.1,?,?,?,8.659933
280.725267,?,?,?,1.24,9.09,5.87,?,1034.6,?,7,?,?,?,4.422599
279.975314,?,?,?,1.36,10,6.73,?,1034.1,?,7,?,?,?,6.099426
278.778173,?,?,?,1.12,10,5.85,?,1033.1,?,6.9,?,?,?,3.595738
280.210569,?,?,?,1.09,8.33,6.1,?,1030.3,?,7.2,?,?,?,3.551231
280.634765,?,?,?,0.95,8.33,4.23,?,1026.6,?,7.1,?,?,?,1.870612
281.771492,?,?,?,0.99,8.33,4.42,?,1022.5,?,6.7,?,?,?,2.122701
280.388636,?,?,?,1.47,11.43,5.24,?,1019.8,?,6.9,?,?,?,5.548327
283.122693,?,?,?,1.25,11.43,4.75,?,1017.5,?,7.1,?,?,?,3.636719
281.924167,?,?,?,1.39,12.9,5.07,?,1017.7,?,7.1,?,?,?,4.799916
282.155015,?,?,?,1.58,12.9,6.72,?,1017.7,?,6.8,?,?,?,8.220146
283.114694,?,?,?,2.27,11.43,7.91,?,1019.1,?,6.8,?,?,?,19.972125
283.435842,?,?,?,1.78,10.81,8.02,?,1019.4,?,7.2,?,?,?,12.451178
281.993586,?,?,?,1.67,10,7.8,?,1019.7,?,7,?,?,?,10.659176
281.034533,?,?,?,1.1,10,6.68,?,1019.5,?,7,?,?,?,3.960572
280.220445,?,?,?,1.16,10,5.45,?,1019.4,?,7,?,?,?,3.593425
282.251474,?,?,?,1.23,10,4.78,?,1018.5,?,7,?,?,?,3.543514
280.599929,?,?,?,1.37,4.76,4.58,?,1017.4,?,6.8,?,?,?,4.212139
279.892263,?,?,?,1.27,5.26,4.49,?,1016.7,?,6.8,?,?,?,3.548541
280.224377,?,?,?,1.33,9.09,4.69,?,1017.1,?,6.8,?,?,?,4.065109
281.207324,?,?,?,1.09,4.55,4.37,?,1016.1,?,6.9,?,?,?,2.544079
280.991087,?,?,?,1.44,5.56,4.61,?,1014.4,?,6.9,?,?,?,4.684055
280.159546,?,?,?,1.98,6.67,5.25,?,1010.8,?,6.9,?,?,?,10.085229
280.263004,?,?,?,1.86,8.33,5.23,?,1008.7,?,6.8,?,?,?,8.865917
279.895729,?,?,?,1.64,8.33,5.26,?,1008.8,?,7,?,?,?,6.932175
279.940983,?,?,?,1.5,7.69,5.2,?,1007.3,?,7,?,?,?,5.733
279.759498,?,?,?,1.45,7.69,5.05,?,1006,?,6.9,?,?,?,5.202636
280.064931,?,?,?,1.67,9.09,5.59,?,1004.4,?,7,?,?,?,7.639076
280.430954,?,?,?,2.02,10.81,6.38,?,1003.4,?,7.1,?,?,?,12.756146
279.992879,?,?,?,1.59,10,5.96,?,1002.4,?,7,?,?,?,7.383063
280.378888,?,?,?,1.49,10,5.97,?,1002.1,?,7.1,?,?,?,6.494459
280.646196,?,?,?,1.36,9.09,5.51,?,1005,?,7.1,?,?,?,4.993735
280.7021,?,?,?,1.34,9.09,5.29,?,1008.8,?,7.6,?,?,?,4.654375
280.961066,?,?,?,1.24,7.14,5.34,?,1012.2,?,7.4,?,?,?,4.023284
281.489289,?,?,?,1.24,7.14,4.79,?,1014.6,?,7.3,?,?,?,3.608901
281.891196,?,?,?,1.47,5,4.57,?,1015.8,?,7.3,?,?,?,4.838903
282.37436,?,?,?,1.5,6.25,4.39,?,1017.9,?,7.7,?,?,?,4.839975
281.946573,?,?,?,1.67,6.25,4.76,?,1018.7,?,7.6,?,?,?,6.50483
281.789125,?,?,?,1.34,7.14,4.92,?,1019.9,?,7.4,?,?,?,4.328832
281.641814,?,?,?,1.14,6.25,4.61,?,1020.1,?,7.4,?,?,?,2.935666
282.677121,?,?,?,0.9,8.33,5.01,?,1020.5,?,8.3,?,?,?,1.988469
282.446352,?,?,?,0.79,5.56,4.69,?,1020,?,8.1,?,?,?,1.434244
283.153543,?,?,?,0.88,3.23,3.63,?,1020.4,?,7.7,?,?,?,1.377425
281.59395,?,?,?,1.14,4.76,4.08,?,1020.3,?,7.4,?,?,?,2.59816
279.596099,?,?,?,1.11,5.56,4.13,?,1021.4,?,7.6,?,?,?,2.493401
280.169743,?,?,?,1.09,4.17,4.02,?,1022.6,?,7.4,?,?,?,2.340319
279.59494,?,?,?,1.37,9.09,5.32,?,1023.2,?,7.3,?,?,?,4.892703
280.638192,?,?,?,1.68,10,5.52,?,1023.9,?,7.4,?,?,?,7.634028
279.722167,?,?,?,1.96,9.09,5.89,?,1024.2,?,7.7,?,?,?,11.087242
280.32129,?,?,?,1.97,8.33,5.08,?,1024.2,?,7.8,?,?,?,9.660336
280.987415,?,?,?,2.3,8.33,5.22,?,1023.7,?,7.8,?,?,?,13.530762
281.600483,?,?,?,2.24,6.25,5.23,?,1023.8,?,7.7,?,?,?,12.858604
282.360729,?,?,?,1.74,6.25,5.25,?,1024.4,?,7.8,?,?,?,7.788501
283.038218,?,?,?,1.32,7.69,5.15,?,1025,?,7.8,?,?,?,4.396946
284.072859,?,?,?,1.31,8.33,6.36,?,1025.5,?,7.7,?,?,?,5.348054
282.302828,?,?,?,1.02,9.09,4.6,?,1025.9,?,7.8,?,?,?,2.345062
283.850232,?,?,?,1.08,8.33,4.67,?,1026.2,?,8,?,?,?,2.669073
282.51524,?,?,?,0.93,7.14,5.06,?,1026.5,?,7.8,?,?,?,2.144433
282.593454,?,?,?,1.07,8.33,4.41,?,1027.3,?,7.7,?,?,?,2.474014
281.350757,?,?,?,1.16,5.26,4.38,?,1028,?,7.7,?,?,?,2.887927
281.137875,?,?,?,1.12,7.69,4.67,?,1028.2,?,7.9,?,?,?,2.870444
280.453604,?,?,?,1.01,6.67,4.86,?,1027.4,?,8,?,?,?,2.429266
281.65445,?,?,?,0.91,10.81,6.1,?,1025.7,?,8,?,?,?,2.475191
281.061856,?,?,?,0.85,10.81,5.47,?,1025.1,?,8.1,?,?,?,1.936517
282.564968,?,?,?,0.68,11.43,5.85,?,1023.6,?,8.5,?,?,?,1.32547
281.976254,?,?,?,0.93,10,4.16,?,1021.7,?,8.2,?,?,?,1.763012
284.140728,?,?,?,1.31,5.26,4.31,?,1019.1,?,8.2,?,?,?,3.624232
282.128656,?,?,?,1.75,6.25,4.91,?,1017.5,?,8.1,?,?,?,7.368069
283.19336,?,?,?,1.51,6.67,5.16,?,1015.9,?,8.3,?,?,?,5.765005
283.647402,?,?,?,1.1,6.67,5.03,?,1014.5,?,8.4,?,?,?,2.982287
282.860931,?,?,?,0.95,5.56,5.13,?,1012.9,?,8.3,?,?,?,2.268614
282.304634,?,?,?,0.79,5.88,4.86,?,1011.6,?,8.2,?,?,?,1.486232
283.587227,?,?,?,1.31,5.88,5.44,?,1010.1,?,9,?,?,?,4.574436
282.754055,?,?,?,2.41,8.33,6.09,?,1008.8,?,8.6,?,?,?,17.331951
281.653405,?,?,?,2.28,7.14,5.56,?,1007.2,?,8.4,?,?,?,14.162521
280.966037,?,?,?,2.91,7.69,5.68,?,1006.1,?,8.2,?,?,?,23.568416
281.458606,?,?,?,2.52,7.69,5.62,?,1007.1,?,8.3,?,?,?,17.487732
281.937356,?,?,?,2.61,8.33,5.78,?,1007.4,?,8.3,?,?,?,19.29323
282.385877,?,?,?,2.43,7.69,5.86,?,1008.3,?,8.2,?,?,?,16.95533
282.273853,?,?,?,1.95,5.56,5.12,?,1009,?,8.2,?,?,?,9.539712
282.253272,?,?,?,1.49,6.67,5.01,?,1010.4,?,8.3,?,?,?,5.450123
282.139166,?,?,?,1.47,5.56,4.59,?,1010.7,?,8.3,?,?,?,4.86008
281.360348,?,?,?,1.42,7.14,4.92,?,1011.5,?,8.3,?,?,?,4.861137
281.993906,?,?,?,1.07,5.26,4.4,?,1011.7,?,8.2,?,?,?,2.468404
281.878304,?,?,?,0.98,16,5.65,?,1012.1,?,9.1,?,?,?,2.658867
281.586121,?,?,?,0.99,14.81,5.49,?,1010.7,?,9,?,?,?,2.636567
281.307221,?,?,?,0.86,14.81,5.38,?,1010.4,?,8.7,?,?,?,1.949734
281.715966,?,?,?,0.81,16,6.81,?,1010.3,?,8.9,?,?,?,2.18934
281.506177,?,?,?,0.78,14.81,5.9,?,1011,?,9.6,?,?,?,1.758884
282.112121,?,?,?,0.83,7.69,5.92,?,1011,?,9.5,?,?,?,1.998361
281.894949,?,?,?,1.03,8.33,5.2,?,1011.5,?,8.9,?,?,?,2.703173
281.594938,?,?,?,1.06,8.33,5.28,?,1012.4,?,8.8,?,?,?,2.906978
282.271667,?,?,?,0.97,8.33,4.89,?,1014,?,9.4,?,?,?,2.25449
281.8887,?,?,?,0.96,8.33,5.79,?,1014.6,?,9.5,?,?,?,2.614671
282.331417,?,?,?,1.02,9.09,6.51,?,1016,?,9.2,?,?,?,3.318772
282.215373,?,?,?,1.03,9.09,6.99,?,1017.4,?,9.3,?,?,?,3.633689
280.871365,?,?,?,1.05,8.33,6.91,?,1019.2,?,10.2,?,?,?,3.732955
281.009245,?,?,?,0.81,9.09,6.22,?,1020.2,?,10.7,?,?,?,1.999662
281.523607,?,?,?,1.08,7.69,5.54,?,1021.1,?,10.3,?,?,?,3.166309
281.6743,?,?,?,0.87,8.33,6.68,?,1021.2,?,10.2,?,?,?,2.477485
282.895167,?,?,?,0.98,7.69,4.38,?,1021.7,?,9.9,?,?,?,2.06121
282.593554,?,?,?,0.89,4.35,4.1,?,1021.1,?,10.2,?,?,?,1.591329
282.158464,?,?,?,1.07,5,3.93,?,1022.4,?,9.8,?,?,?,2.204734
281.91911,?,?,?,1.46,5.88,4.79,?,1023.8,?,9.4,?,?,?,5.003078
282.331784,?,?,?,1.34,5.88,4.35,?,1024.9,?,9.6,?,?,?,3.827321
281.953876,?,?,?,1.45,6.25,4.57,?,1024.8,?,9.5,?,?,?,4.708128
282.542541,?,?,?,1.65,6.67,4.58,?,1025,?,9.3,?,?,?,6.109834
282.755159,?,?,?,2.01,6.67,5.03,?,1023.8,?,9.2,?,?,?,9.957634
283.022611,?,?,?,1.8,8.33,5.69,?,1024.2,?,9.3,?,?,?,9.033444
283.029419,?,?,?,1.74,7.69,5.38,?,1024.8,?,9.4,?,?,?,7.981359
282.605708,?,?,?,1.46,7.69,5.41,?,1023.9,?,9.3,?,?,?,5.650658
282.768929,?,?,?,1.44,7.69,5.54,?,1022,?,9.1,?,?,?,5.628995
282.898478,?,?,?,1.69,7.69,6.41,?,1020.4,?,9.5,?,?,?,8.970724
282.633987,?,?,?,1.48,10,6.37,?,1020,?,9.2,?,?,?,6.836896
282.86731,?,?,?,1.45,9.09,6.07,?,1018.5,?,9.4,?,?,?,6.253466
282.858823,?,?,?,1.5,7.14,5.89,?,1016.6,?,9.2,?,?,?,6.493725
283.69018,?,?,?,1.6,7.69,5.83,?,1015.6,?,9.3,?,?,?,7.313152
282.42054,?,?,?,1.55,8.33,5.44,?,1014.1,?,9.2,?,?,?,6.404104
282.695174,?,?,?,1.73,7.69,4.87,?,1009.7,?,9,?,?,?,7.141957
282.325319,?,?,?,2.55,6.67,5.18,?,1002.6,?,8.9,?,?,?,16.504645
282.877235,?,?,?,2.8,7.69,6.42,?,1000.6,?,9,?,?,?,24.663072
282.303892,?,?,?,3.89,7.14,6.42,?,1008.5,?,9,?,?,?,47.60256
280.952464,?,?,?,4.76,10,7.52,?,1015.6,?,8.7,?,?,?,83.488724
281.769001,?,?,?,3.77,10,6.91,?,1021.5,?,8.6,?,?,?,48.123458
282.461576,?,?,?,2.86,9.09,6.36,?,1024.8,?,8.8,?,?,?,25.490905
282.06597,?,?,?,2.61,9.09,6.2,?,1025.6,?,8.7,?,?,?,20.69516
282.152515,?,?,?,2.45,8.33,5.58,?,1026.1,?,8.7,?,?,?,16.412036
282.682027,?,?,?,2.16,7.14,5.6,?,1026.8,?,8.7,?,?,?,12.802406
282.440312,?,?,?,2.11,8.33,5.42,?,1026.9,?,8.8,?,?,?,11.823887
282.363832,?,?,?,1.88,9.09,5.28,?,1026.9,?,8.8,?,?,?,9.1442
282.288386,?,?,?,1.83,8.33,5.5,?,1027.2,?,8.8,?,?,?,9.025286
282.370769,?,?,?,1.61,8.33,5.19,?,1027.6,?,8.8,?,?,?,6.59197
282.342828,?,?,?,1.6,8.33,4.8,?,1027.7,?,9,?,?,?,6.02112
282.685038,?,?,?,1.29,5.88,4.75,?,1026.1,?,9,?,?,?,3.873193
281.99127,?,?,?,1.3,5.88,4.77,?,1025.3,?,9,?,?,?,3.950037
282.098223,?,?,?,1.05,5.88,4.71,?,1025.2,?,9,?,?,?,2.54446
282.931122,?,?,?,0.94,8.33,4.45,?,1025.2,?,9.5,?,?,?,1.92669
282.824383,?,?,?,0.86,5.26,4.83,?,1024.6,?,9.5,?,?,?,1.750411
282.167689,?,?,?,0.85,5.88,4.9,?,1024.5,?,9.4,?,?,?,1.734722
282.6358,?,?,?,0.64,5.88,5.23,?,1024.1,?,9.4,?,?,?,1.049682
282.492257,?,?,?,0.71,8.33,3.75,?,1023.1,?,9.6,?,?,?,0.926284
281.881716,?,?,?,1.32,5.56,4.5,?,1021.3,?,9.4,?,?,?,3.841992
282.421203,?,?,?,1.49,5.56,4.54,?,1019.9,?,9.4,?,?,?,4.938834
282.227954,?,?,?,1.78,5.56,4.83,?,1018,?,9.1,?,?,?,7.498652
282.554636,?,?,?,1.7,9.09,5.19,?,1016.4,?,9.2,?,?,?,7.349559
282.552723,?,?,?,1.76,9.09,5.38,?,1013.7,?,9.2,?,?,?,8.165893
283.721439,?,?,?,?,?,?,?,1011,?,9.1,?,?,?,?
283.108786,?,?,?,1.45,5.26,4.81,?,1007.8,?,9.1,?,?,?,4.955382
283.157451,?,?,?,1.59,5.56,4.81,?,1007.1,?,9.2,?,?,?,5.958479
282.800929,?,?,?,1.58,7.69,5.51,?,1006.5,?,9.2,?,?,?,6.74003
283.036667,?,?,?,1.61,7.69,5.54,?,1006.4,?,9.2,?,?,?,7.036515
283.087481,?,?,?,1.52,8.33,5.61,?,1005.6,?,9.3,?,?,?,6.351059
281.932392,?,?,?,1.67,8.33,5.67,?,1003.9,?,9.5,?,?,?,7.748401
281.800573,?,?,?,1.61,10,6.13,?,1003,?,9.7,?,?,?,7.785891
282.689713,?,?,?,1.5,8.33,6.19,?,1005,?,9.6,?,?,?,6.824475
282.296628,?,?,?,1.44,7.69,6.19,?,1008.1,?,9.5,?,?,?,6.289436
282.334245,?,?,?,1.59,8.33,5.82,?,1012.3,?,10,?,?,?,7.209636
282.733652,?,?,?,1.54,8.33,6.38,?,1014,?,10.1,?,?,?,7.414096
283.076424,?,?,?,1.68,8.33,6.34,?,1015.8,?,10,?,?,?,8.768068
282.568383,?,?,?,1.34,8.33,5.92,?,1017,?,10,?,?,?,5.208676
283.119495,?,?,?,1.37,7.69,5.79,?,1018.8,?,11.1,?,?,?,5.324953
282.480844,?,?,?,1.17,5.56,5.4,?,1019.2,?,10.8,?,?,?,3.622109
282.775941,?,?,?,1.03,5.56,5.33,?,1019.9,?,10.6,?,?,?,2.770753
282.710085,?,?,?,0.91,7.14,4.76,?,1020.4,?,10.3,?,?,?,1.93146
283.247482,?,?,?,0.9,5.88,5.48,?,1022.2,?,10.9,?,?,?,2.175012
282.976779,?,?,?,0.88,5.56,4.21,?,1022.6,?,10.8,?,?,?,1.59751
282.905049,?,?,?,0.88,4.55,4.1,?,1024.2,?,10.4,?,?,?,1.55577
283.437226,?,?,?,1.07,5.26,4.23,?,1025.4,?,10.2,?,?,?,2.373034
282.974083,?,?,?,1.12,6.67,4.37,?,1025.7,?,10.3,?,?,?,2.686047
282.624043,?,?,?,1.12,5,4.26,?,1024.6,?,10.3,?,?,?,2.618435
283.494688,?,?,?,1.11,5,4.16,?,1023.2,?,10.3,?,?,?,2.511513
282.845042,?,?,?,1.26,6.25,4.5,?,1021.9,?,10.2,?,?,?,3.500658
282.817398,?,?,?,1.38,6.25,4.58,?,1019.6,?,10.3,?,?,?,4.273854
282.808866,?,?,?,1.91,6.67,4.74,?,1013,?,10.3,?,?,?,8.473077
283.735706,?,?,?,2.86,7.69,5.7,?,1002.2,?,10,?,?,?,22.845623
283.242079,?,?,?,3.02,10,6.26,?,997.5,?,10,?,?,?,27.975915
282.871181,?,?,?,3.63,10,6.57,?,999,?,9.9,?,?,?,42.420394
283.502672,?,?,?,4.28,10.81,7.01,?,1003.8,?,9.7,?,?,?,62.921872
284.059328,?,?,?,4.11,10,6.97,?,1006.5,?,9.7,?,?,?,57.691589
283.146242,?,?,?,3.23,9.09,6.31,?,1009.9,?,9.7,?,?,?,32.257484
284.142047,?,?,?,2.83,9.09,6.42,?,1012.4,?,9.9,?,?,?,25.194398
283.473991,?,?,?,2.61,8.33,5.88,?,1013.5,?,9.9,?,?,?,19.627023
283.450995,?,?,?,1.91,8.33,5.35,?,1013.1,?,9.9,?,?,?,9.563494
282.859551,?,?,?,1.99,7.69,5.57,?,1014,?,9.9,?,?,?,10.808301
282.987264,?,?,?,1.34,6.67,4.84,?,1014.5,?,10.1,?,?,?,4.258445
282.957989,?,?,?,1.29,7.14,5.22,?,1013.8,?,10,?,?,?,4.256435
283.809832,?,?,?,0.94,6.67,4.02,?,1009.8,?,10,?,?,?,1.740515
282.854807,?,?,?,1.9,5.88,4.6,?,1002,?,9.9,?,?,?,8.13694
282.884921,?,?,?,1.95,6.67,4.71,?,994.3,?,10,?,?,?,8.77579
281.953614,?,?,?,3.57,7.69,6.32,?,994.1,?,9.8,?,?,?,39.468406
281.792916,?,?,?,3.05,8.33,6.01,?,996,?,9.7,?,?,?,27.394932
282.648101,?,?,?,3.98,9.09,6.58,?,997.6,?,9.7,?,?,?,51.072618
283.349567,?,?,?,4.84,10,7.26,?,1000.7,?,9.6,?,?,?,83.334229
283.279646,?,?,?,4.42,10.81,7.3,?,1005,?,9.6,?,?,?,69.881703
282.988515,?,?,?,3.58,10,6.61,?,1006.4,?,9.5,?,?,?,41.511038
283.122684,?,?,?,2.87,10,6.82,?,1008.8,?,9.4,?,?,?,27.526072
283.92783,?,?,?,2.59,9.09,6.29,?,1011.1,?,9.7,?,?,?,20.675035
282.674595,?,?,?,2.07,8.33,6.65,?,1011.4,?,9.7,?,?,?,13.962347
282.915726,?,?,?,1.77,7.14,5.75,?,1009.8,?,9.6,?,?,?,8.826946
282.794264,?,?,?,1.55,8.33,6.23,?,1009.2,?,9.6,?,?,?,7.334112
282.412491,?,?,?,1.63,7.69,6.14,?,1009.5,?,10.2,?,?,?,7.993549
282.335926,?,?,?,1.44,9.09,6.8,?,1009.4,?,10.2,?,?,?,6.909235
283.035615,?,?,?,1.74,10,7.1,?,1008.7,?,10.3,?,?,?,10.53302
283.660864,?,?,?,1.47,10,6.83,?,1008.4,?,10.1,?,?,?,7.231884
283.219672,?,?,?,1.41,9.09,6.92,?,1009.1,?,11,?,?,?,6.741249
283.741651,?,?,?,1.02,9.09,6.91,?,1008.8,?,10.9,?,?,?,3.52269
283.405506,?,?,?,1.22,7.69,7.16,?,1008.2,?,10.7,?,?,?,5.221903
283.441013,?,?,?,0.85,8.33,4.26,?,1007,?,10.5,?,?,?,1.508146
282.496748,?,?,?,0.89,8.33,4.19,?,1006.3,?,11,?,?,?,1.626261
283.138992,?,?,?,1.12,4.35,3.98,?,1003.7,?,10.7,?,?,?,2.446331
283.691509,?,?,?,1.01,5.56,4.03,?,1001.9,?,10.6,?,?,?,2.014391
283.882316,?,?,?,1.45,6.25,4.66,?,1000.3,?,10.5,?,?,?,4.800848
283.536122,?,?,?,1.18,6.67,5.1,?,1002.7,?,10.9,?,?,?,3.479608
283.459435,?,?,?,1.59,7.14,5.55,?,1004.1,?,11,?,?,?,6.875168
283.232002,?,?,?,2.08,10.81,6.99,?,1005.5,?,10.8,?,?,?,14.818353
282.877829,?,?,?,1.87,8.33,5.12,?,1007.1,?,10.7,?,?,?,8.773023
283.10597,?,?,?,1.5,8.33,5.93,?,1009.3,?,11.2,?,?,?,6.537825
283.226387,?,?,?,1.32,6.25,5.29,?,1010.1,?,11.2,?,?,?,4.516475
282.803003,?,?,?,1.52,7.69,5.44,?,1010.9,?,11.1,?,?,?,6.158602
283.089405,?,?,?,1.58,6.25,4.57,?,1012.2,?,10.9,?,?,?,5.590189
283.39995,?,?,?,1.39,7.69,5.02,?,1014,?,11.3,?,?,?,4.75258
283.778525,?,?,?,1.25,6.67,4.83,?,1013.9,?,11.3,?,?,?,3.697969
282.472131,?,?,?,0.93,7.14,5.16,?,1012.8,?,11.1,?,?,?,2.186813
283.204992,?,?,?,0.75,6.67,4.1,?,1009.8,?,11.2,?,?,?,1.130062
282.555992,?,?,?,1.11,4.35,3.84,?,1005.6,?,11.3,?,?,?,2.318319
283.563089,?,?,?,2.02,5.26,4.6,?,1000.1,?,11,?,?,?,9.197222
283.553667,?,?,?,3.35,8.33,5.93,?,996.4,?,10.8,?,?,?,32.609218
283.95278,?,?,?,3.36,8.33,6.09,?,996.5,?,10.6,?,?,?,33.689295
283.298786,?,?,?,3.42,8.33,6.27,?,997.8,?,10.6,?,?,?,35.93485
282.608756,?,?,?,2.84,8.33,5.91,?,1000,?,10.5,?,?,?,23.357171
282.769765,?,?,?,2.94,9.09,6.52,?,1001.3,?,10.5,?,?,?,27.614573
283.758441,?,?,?,2.86,13.79,7.16,?,1003.4,?,10.6,?,?,?,28.697309
283.141819,?,?,?,2.71,12.9,7.35,?,1004.8,?,10.9,?,?,?,26.449776
284.041609,?,?,?,2.38,12.12,7.05,?,1006.4,?,10.9,?,?,?,19.56767
283.98955,?,?,?,1.97,12.12,7.16,?,1007.5,?,10.8,?,?,?,13.61575
284.440914,?,?,?,1.83,11.43,7.43,?,1009.2,?,11,?,?,?,12.19234
284.51055,?,?,?,1.44,10,6.97,?,1010.4,?,11.6,?,?,?,7.081966
285.046338,?,?,?,1.43,10,6.84,?,1011.5,?,11.6,?,?,?,6.853687
284.784176,?,?,?,1.12,12.9,6.67,?,1012.9,?,11.4,?,?,?,4.099756
284.948555,?,?,?,1.22,8.33,6.79,?,1014.9,?,11.3,?,?,?,4.952056
286.183746,?,?,?,1.01,7.14,5.56,?,1016.7,?,11.6,?,?,?,2.77916
285.250194,?,?,?,1.03,8.33,5.66,?,1017.7,?,11.4,?,?,?,2.9423
284.715647,?,?,?,0.86,7.69,4.77,?,1017.9,?,11.2,?,?,?,1.728667
284.464341,?,?,?,0.88,6.25,4.7,?,1018.3,?,11.1,?,?,?,1.783443
285.164873,?,?,?,0.82,6.25,4.67,?,1018.3,?,11.2,?,?,?,1.538653
284.558162,?,?,?,0.87,6.67,4.27,?,1018.1,?,11.5,?,?,?,1.583662
284.734062,?,?,?,0.67,14.81,4.55,?,1017.6,?,11.3,?,?,?,1.000823
284.419194,?,?,?,0.65,6.25,4.22,?,1017,?,11.5,?,?,?,0.873645
284.40969,?,?,?,0.6,2.94,3.46,?,1016,?,11.8,?,?,?,0.610344
284.682167,?,?,?,0.7,10.81,4.5,?,1015.1,?,11.8,?,?,?,1.08045
285.132091,?,?,?,1.35,10,6.49,?,1014.1,?,11.7,?,?,?,5.795732
285.269097,?,?,?,1.28,9.09,4.92,?,1014,?,11.7,?,?,?,3.949855
286.689839,?,?,?,1.19,9.09,4.78,?,1013.2,?,11.8,?,?,?,3.316789
285.654485,?,?,?,1.04,4.76,4.29,?,1012.5,?,11.8,?,?,?,2.273631
286.469786,?,?,?,1.23,5.56,4.41,?,1012.3,?,11.6,?,?,?,3.269226
285.802788,?,?,?,1.48,6.25,5,?,1012.4,?,11.6,?,?,?,5.36648
285.883424,?,?,?,1.15,6.25,4.63,?,1012.9,?,12.1,?,?,?,3.000356
286.181019,?,?,?,1.11,10.81,5.04,?,1012.5,?,12.2,?,?,?,3.042794
286.437356,?,?,?,1.12,10,5.9,?,1012.2,?,12.1,?,?,?,3.62647
285.336308,?,?,?,1.07,10,6.41,?,1011.4,?,12.2,?,?,?,3.596016
286.320613,?,?,?,1.13,10,6.37,?,1011.4,?,13.6,?,?,?,3.985588
286.977825,?,?,?,1.25,11.43,7.26,?,1009.8,?,13.6,?,?,?,5.558438
287.318823,?,?,?,1.27,10,6.74,?,1008.5,?,12.8,?,?,?,5.326764
285.755959,?,?,?,1.04,8.33,6.55,?,1007.7,?,13,?,?,?,3.471395
285.156626,?,?,?,1.32,9.09,6.3,?,1008.7,?,12.8,?,?,?,5.378789
283.85193,?,?,?,1.08,7.69,5.18,?,1009.7,?,12.8,?,?,?,2.960556
284.159713,?,?,?,1.35,8.33,5.35,?,1011.2,?,12.5,?,?,?,4.777684
285.253072,?,?,?,1.23,8.33,5.25,?,1012.2,?,12.5,?,?,?,3.891935
285.235623,?,?,?,1.31,8.33,5.2,?,1012.5,?,12.8,?,?,?,4.372623
284.593669,?,?,?,1.17,7.69,5.55,?,1011.7,?,12.8,?,?,?,3.722724
285.857975,?,?,?,1.34,8.33,4.99,?,1012.2,?,12.7,?,?,?,4.390422
285.409451,?,?,?,1.65,5.26,4.83,?,1011.1,?,12.6,?,?,?,6.443341
285.029681,?,?,?,1.56,6.25,4.96,?,1011.1,?,12.7,?,?,?,5.914621
284.924365,?,?,?,1.31,5.56,4.99,?,1010.7,?,12.7,?,?,?,4.196036
285.640764,?,?,?,1.21,5.26,5.15,?,1012.1,?,12.6,?,?,?,3.694656
285.394525,?,?,?,1.12,14.81,5.85,?,1014.7,?,12.8,?,?,?,3.595738
285.257876,?,?,?,0.92,7.14,4.57,?,1018.3,?,12.9,?,?,?,1.895344
285.238541,?,?,?,0.89,13.79,4.27,?,1020.2,?,12.9,?,?,?,1.657311
285.934675,?,?,?,1.35,5.88,4.82,?,1022,?,12.7,?,?,?,4.304381
284.426414,?,?,?,1.31,6.25,4.78,?,1021.1,?,12.7,?,?,?,4.019449
284.896177,?,?,?,1.62,6.67,4.45,?,1017.5,?,12.6,?,?,?,5.722504
285.282766,?,?,?,2.78,6.67,5.49,?,1010,?,12.4,?,?,?,20.790169
285.449557,?,?,?,2.72,7.69,5.99,?,1007.4,?,12.1,?,?,?,21.715044
285.198684,?,?,?,2.69,9.09,5.87,?,1004.2,?,12.1,?,?,?,20.813194
285.010486,?,?,?,2.45,8.33,6.21,?,999.8,?,12.2,?,?,?,18.265007
284.752524,?,?,?,2.53,9.09,6.34,?,1000.2,?,12.3,?,?,?,19.885036
285.683095,?,?,?,2.41,8.33,6.4,?,1002.4,?,12.3,?,?,?,18.214202
285.278577,?,?,?,2.19,7.69,5.95,?,1006,?,12.2,?,?,?,13.98303
286.283359,?,?,?,2.16,8.33,6.14,?,1008.9,?,12.5,?,?,?,14.036924
285.443062,?,?,?,1.95,7.69,5.78,?,1011.1,?,12.7,?,?,?,10.76944
285.315347,?,?,?,1.5,7.14,5.69,?,1012.2,?,12.8,?,?,?,6.273225
284.68742,?,?,?,1.61,6.67,5.1,?,1014,?,12.7,?,?,?,6.477658
285.461699,?,?,?,1.49,7.69,5.15,?,1015.2,?,12.8,?,?,?,5.602422
284.704754,?,?,?,1.48,7.69,4.54,?,1016.9,?,12.8,?,?,?,4.872764
285.33907,?,?,?,1.4,5,4.62,?,1019.1,?,12.8,?,?,?,4.437048
284.913222,?,?,?,1.57,6.67,4.95,?,1022.2,?,12.8,?,?,?,5.978615
285.530744,?,?,?,1.11,5.88,4.77,?,1024.8,?,13.1,?,?,?,2.879787
285.600698,?,?,?,1.27,12.9,5.56,?,1026.5,?,13.1,?,?,?,4.394185
285.919991,?,?,?,1.05,5.56,5.7,?,1027.7,?,13.1,?,?,?,3.079282
285.877556,?,?,?,1.14,7.69,5.95,?,1029,?,13,?,?,?,3.788984
286.344573,?,?,?,1.18,7.14,6.34,?,1029.7,?,14.4,?,?,?,4.32563
285.360291,?,?,?,1.15,7.69,6.3,?,1029.3,?,14.2,?,?,?,4.082557
284.663004,?,?,?,0.98,8.33,6.52,?,1028.7,?,13.5,?,?,?,3.068286
285.659104,?,?,?,0.88,7.14,5.76,?,1028.7,?,13.5,?,?,?,2.185667
285.904785,?,?,?,0.76,7.14,5.01,?,1028.2,?,13.9,?,?,?,1.41795
285.989695,?,?,?,0.84,6.67,5.35,?,1027.1,?,14,?,?,?,1.84973
285.509441,?,?,?,0.7,12.12,5.51,?,1026.3,?,13.9,?,?,?,1.322951
285.253812,?,?,?,0.78,12.9,6.21,?,1026,?,13.9,?,?,?,1.8513
285.87829,?,?,?,0.85,8.33,6.41,?,1025.2,?,15,?,?,?,2.2693
285.315763,?,?,?,1.04,7.14,5.71,?,1023.3,?,15,?,?,?,3.026209
284.741017,?,?,?,0.93,7.69,5.82,?,1020.4,?,14.7,?,?,?,2.466522
284.314399,?,?,?,0.93,7.14,5.31,?,1017,?,14.1,?,?,?,2.250383
283.126793,?,?,?,1.14,7.14,4.24,?,1013.9,?,14,?,?,?,2.700049
283.76468,?,?,?,1.41,5.88,4.47,?,1011.1,?,13.8,?,?,?,4.354535
283.763819,?,?,?,1.38,5.88,4.55,?,1009,?,13.6,?,?,?,4.24586
284.571894,?,?,?,2.09,10,5.78,?,1007.5,?,13.6,?,?,?,12.371333
285.701912,?,?,?,2.01,11.43,6.33,?,1010.3,?,13.6,?,?,?,12.531178
286.628979,?,?,?,2,11.43,7.14,?,1012.1,?,13.7,?,?,?,13.9944
286.827701,?,?,?,2.02,11.43,6.07,?,1012.9,?,13.6,?,?,?,12.136334
286.495148,?,?,?,2.62,5.88,5.62,?,1012.5,?,13.6,?,?,?,18.903185
286.757935,?,?,?,2.65,7.69,5.92,?,1012.5,?,13.5,?,?,?,20.370868
286.271746,?,?,?,2.45,8.33,5.82,?,1010.9,?,13.5,?,?,?,17.11793
285.699119,?,?,?,2.99,7.69,5.88,?,1009.4,?,13.4,?,?,?,25.758216
285.196387,?,?,?,2.69,8.33,6.41,?,1008.7,?,13.3,?,?,?,22.727866
285.641737,?,?,?,2.59,8.33,5.75,?,1009.7,?,13.2,?,?,?,18.900072
286.864261,?,?,?,2.62,7.69,5.73,?,1011.2,?,13.5,?,?,?,19.273176
287.065886,?,?,?,2.48,7.69,5.78,?,1015.6,?,13,?,?,?,17.419163
287.060797,?,?,?,1.71,7.14,5.8,?,1018.8,?,13.3,?,?,?,8.310292
287.359944,?,?,?,1.69,6.67,5.96,?,1021.1,?,14.2,?,?,?,8.340954
286.142214,?,?,?,1.23,6.67,5.98,?,1021.2,?,14.5,?,?,?,4.4331
286.454409,?,?,?,1.33,10,5.82,?,1021.2,?,14.1,?,?,?,5.044549
286.106466,?,?,?,1.14,8.33,4.26,?,1020,?,13.7,?,?,?,2.712785
286.126648,?,?,?,1.48,5,4.52,?,1018.4,?,13.7,?,?,?,4.851298
286.176166,?,?,?,1.47,6.25,4.47,?,1016.9,?,13.6,?,?,?,4.733019
286.202736,?,?,?,1.94,6.25,4.9,?,1015.4,?,13.5,?,?,?,9.036404
285.901638,?,?,?,2.38,7.69,5.59,?,1013.4,?,13.5,?,?,?,15.515358
285.604577,?,?,?,2.28,7.69,5.33,?,1013.5,?,13.6,?,?,?,13.576661
285.377778,?,?,?,1.82,7.69,5.08,?,1012.5,?,13.7,?,?,?,8.245226
285.578162,?,?,?,1.56,7.69,5.17,?,1011.9,?,13.6,?,?,?,6.165039
285.760086,?,?,?,1.22,7.14,5.14,?,1010.5,?,13.7,?,?,?,3.748684
285.601986,?,?,?,1.26,7.69,5.48,?,1010.1,?,14.2,?,?,?,4.263024
286.045789,?,?,?,1.36,7.69,5.57,?,1009.2,?,14.1,?,?,?,5.048113
285.654991,?,?,?,1.33,7.69,5.67,?,1008.6,?,14.1,?,?,?,4.914535
285.849825,?,?,?,1.2,7.69,5.29,?,1008.2,?,14,?,?,?,3.732624
285.785008,?,?,?,1.03,7.14,5.45,?,1009,?,14.5,?,?,?,2.833133
285.936666,?,?,?,1,7.69,5.6,?,1010.1,?,14.7,?,?,?,2.744
286.044458,?,?,?,0.88,7.69,6.14,?,1010.7,?,14.4,?,?,?,2.32986
286.299003,?,?,?,0.87,7.69,5.94,?,1011.5,?,14.5,?,?,?,2.203033
286.479908,?,?,?,0.96,7.69,6.23,?,1011.5,?,15.1,?,?,?,2.813368
286.045742,?,?,?,1,7.14,5.1,?,1011.5,?,14.8,?,?,?,2.499
286.118815,?,?,?,0.85,7.69,5.19,?,1012.1,?,14.7,?,?,?,1.83739
286.432301,?,?,?,0.92,5.56,4.49,?,1013.6,?,14.6,?,?,?,1.862165
287.152932,?,?,?,1.01,7.14,5.02,?,1014.7,?,15.2,?,?,?,2.509242
286.868807,?,?,?,0.79,6.67,4.27,?,1015.6,?,15.3,?,?,?,1.305804
286.519062,?,?,?,0.73,6.25,5.12,?,1016.4,?,15.1,?,?,?,1.33694
286.816185,?,?,?,0.76,5.56,4.34,?,1017.1,?,15.1,?,?,?,1.228324
287.179914,?,?,?,0.78,5.88,4.18,?,1015.8,?,15.3,?,?,?,1.246125
286.615367,?,?,?,0.91,5.26,4.24,?,1014,?,15.1,?,?,?,1.720461
286.159013,?,?,?,0.68,5.56,3.92,?,1012.1,?,15,?,?,?,0.888178
286.628063,?,?,?,0.6,3.85,3.77,?,1011.9,?,14.8,?,?,?,0.665028
286.562939,?,?,?,0.63,5.56,4.27,?,1011.8,?,15.4,?,?,?,0.830434
286.10383,?,?,?,0.63,4.35,4.18,?,1012.5,?,15.5,?,?,?,0.812931
286.531772,?,?,?,0.81,14.81,4.69,?,1013.7,?,15.2,?,?,?,1.507783
286.228609,?,?,?,0.88,6.25,4.42,?,1015.4,?,15,?,?,?,1.677196
286.070777,?,?,?,1.3,5.26,4.15,?,1018.3,?,15,?,?,?,3.436615
286.168396,?,?,?,1.59,5.26,4.39,?,1020.5,?,14.7,?,?,?,5.438196
286.294731,?,?,?,1.79,5.88,4.72,?,1021.8,?,14.5,?,?,?,7.410442
287.365187,?,?,?,?,?,?,?,1023.6,?,14.4,?,?,?,?
286.469879,?,?,?,1.44,5.88,4.47,?,1024.6,?,14.6,?,?,?,4.541806
286.325289,?,?,?,1.52,6.25,4.46,?,1024.2,?,14.6,?,?,?,5.049148
286.094833,?,?,?,1.49,6.67,4.9,?,1023.4,?,14.6,?,?,?,5.33046
286.798037,?,?,?,1.46,6.25,4.31,?,1022.3,?,14.6,?,?,?,4.501726
287.08943,?,?,?,1.6,6.67,4.69,?,1020.2,?,14.7,?,?,?,5.883136
286.769835,?,?,?,2.25,7.14,4.93,?,1018,?,14.5,?,?,?,12.229481
286.736239,?,?,?,1.65,7.69,5.3,?,1018.1,?,14.5,?,?,?,7.070332
287.83773,?,?,?,1.42,6.67,4.57,?,1015.5,?,14.3,?,?,?,4.515325
286.50706,?,?,?,1.48,5,4.5,?,1010.7,?,14.4,?,?,?,4.829832
286.149813,?,?,?,1.62,5.88,4.89,?,1010.2,?,14.3,?,?,?,6.288325
286.590117,?,?,?,1.41,6.25,4.55,?,1011.7,?,14.3,?,?,?,4.432469
286.894114,?,?,?,1.44,5.56,4.55,?,1011.8,?,14.3,?,?,?,4.623091
286.426239,?,?,?,1.35,5.56,4.43,?,1011.2,?,14.5,?,?,?,3.956101
287.131901,?,?,?,1.76,6.25,4.56,?,1007.3,?,14.4,?,?,?,6.921277
286.304447,?,?,?,1.89,7.14,5.14,?,1004.1,?,14.3,?,?,?,8.996691
286.138342,?,?,?,1.77,7.14,5.44,?,1002.5,?,14.3,?,?,?,8.351058
287.216249,?,?,?,1.46,8.33,5.78,?,1004.6,?,14.4,?,?,?,6.037118
287.04229,?,?,?,1.67,8.33,5.54,?,1007.1,?,14.4,?,?,?,7.570748
287.106264,?,?,?,2.03,8.33,5.41,?,1008.6,?,14.3,?,?,?,10.924094
287.297357,?,?,?,1.96,7.14,5.61,?,1009.3,?,14.2,?,?,?,10.560174
287.119983,?,?,?,2.06,6.25,5.51,?,1010.7,?,14.4,?,?,?,11.457296
286.901516,?,?,?,1.39,6.67,4.99,?,1011.8,?,14.3,?,?,?,4.724178
286.354386,?,?,?,1.49,6.25,5.2,?,1013,?,14.3,?,?,?,5.656815
286.994447,?,?,?,1.31,6.25,5.33,?,1013.7,?,14.4,?,?,?,4.481938
287.008797,?,?,?,1.31,6.25,5.39,?,1014.4,?,15,?,?,?,4.532392
286.712296,?,?,?,0.94,5.88,5.11,?,1013.8,?,15,?,?,?,2.212446
287.337967,?,?,?,0.97,12.9,5.48,?,1013,?,14.9,?,?,?,2.526505
286.643057,?,?,?,0.79,12.12,3.8,?,1010.6,?,14.6,?,?,?,1.162074
286.072222,?,?,?,1.5,4.55,4.18,?,1006.8,?,14.6,?,?,?,4.60845
286.327617,?,?,?,2.22,7.14,5.06,?,1002.2,?,14.4,?,?,?,12.219475
286.38856,?,?,?,2.96,8.33,5.92,?,999.8,?,14.2,?,?,?,25.415649
286.288569,?,?,?,2.93,10,6.21,?,996.9,?,14.5,?,?,?,26.122992
286.814137,?,?,?,2.94,10,6.15,?,995.6,?,14.6,?,?,?,26.047489
286.488108,?,?,?,2.45,8.33,6.34,?,994.4,?,14.5,?,?,?,18.647367
287.115395,?,?,?,2.25,11.43,6.24,?,994,?,14.6,?,?,?,15.4791
287.102242,?,?,?,2.2,10,6.26,?,995.1,?,14.6,?,?,?,14.846216
287.125406,?,?,?,2.44,9.09,6.64,?,997.5,?,14.3,?,?,?,19.370633
287.352881,?,?,?,1.99,8.33,6.16,?,997.3,?,14.3,?,?,?,11.953166
287.688509,?,?,?,?,?,?,?,997.7,?,14.4,?,?,?,?
287.711093,?,?,?,?,?,?,?,996.5,?,14.5,?,?,?,?
286.97271,?,?,?,2.01,8.33,6.16,?,996.7,?,14.8,?,?,?,12.194638
286.750132,?,?,?,1.86,7.69,5.17,?,999.2,?,14.6,?,?,?,8.764205
287.120864,?,?,?,2.11,9.09,5.72,?,1001.3,?,14.6,?,?,?,12.478346
287.428111,?,?,?,2.23,8.33,5.36,?,1002.7,?,14.5,?,?,?,13.060825
287.647773,?,?,?,2.05,7.69,5.88,?,1003.9,?,14.6,?,?,?,12.108243
286.642671,?,?,?,2.54,8.33,5.65,?,1005.8,?,14.6,?,?,?,17.861255
287.596083,?,?,?,2.11,9.09,6.1,?,1005.4,?,14.4,?,?,?,13.307327
287.868843,?,?,?,2.12,5.88,4.89,?,1002.6,?,14.5,?,?,?,10.769032
287.660622,?,?,?,2.22,7.14,5.73,?,1001.7,?,14.3,?,?,?,13.837469
286.538009,?,?,?,2.04,7.14,5.68,?,1002.3,?,14.4,?,?,?,11.582565
286.822636,?,?,?,2.09,8.33,6,?,1000.7,?,14.3,?,?,?,12.842214
286.956587,?,?,?,2.1,9.09,5.51,?,1001.5,?,14.4,?,?,?,11.906559
287.791738,?,?,?,2.06,9.09,5.86,?,1002.6,?,14.7,?,?,?,12.185073
287.672448,?,?,?,2.41,7.69,6.72,?,1001.6,?,14.7,?,?,?,19.124912
286.983874,?,?,?,1.82,9.09,6.76,?,1000.7,?,14.6,?,?,?,10.971994
286.433944,?,?,?,2.33,8.33,6.11,?,1002.9,?,14.6,?,?,?,16.253584
286.863055,?,?,?,1.97,8.33,5.78,?,1003.4,?,14.8,?,?,?,10.991485
286.999702,?,?,?,2.37,7.69,5.76,?,1003.3,?,14.7,?,?,?,15.853139
287.270635,?,?,?,2.01,8.33,5.78,?,1004.1,?,14.7,?,?,?,11.442371
286.824333,?,?,?,1.83,6.25,5.19,?,1007,?,14.6,?,?,?,8.516588
287.237124,?,?,?,1.77,10,5.34,?,1009.7,?,14.8,?,?,?,8.197546
286.442895,?,?,?,2.02,7.14,5.19,?,1008.8,?,14.7,?,?,?,10.376865
287.013075,?,?,?,2.93,7.69,5.34,?,1003.6,?,14.5,?,?,?,22.463249
287.554714,?,?,?,3.45,9.09,6.94,?,1001.8,?,14.4,?,?,?,40.475642
286.87422,?,?,?,3.28,10,6.73,?,1004.5,?,14.4,?,?,?,35.477976
287.419222,?,?,?,3.32,10,6.97,?,1002.5,?,14.4,?,?,?,37.644803
286.941049,?,?,?,3.01,10,7.17,?,999.5,?,14.4,?,?,?,31.830849
287.021742,?,?,?,3.06,11.43,6.89,?,1003.9,?,14.5,?,?,?,31.61245
287.26947,?,?,?,2.92,10,6.76,?,1009.2,?,14.6,?,?,?,28.242847
287.447135,?,?,?,2.52,10.81,6.07,?,1012.6,?,14.6,?,?,?,18.887995
287.437759,?,?,?,2.67,9.09,5.7,?,1015.2,?,14.5,?,?,?,19.911018
287.044553,?,?,?,2.21,8.33,5.97,?,1017.1,?,14.3,?,?,?,14.287458
287.743735,?,?,?,2.26,9.09,5.72,?,1018.5,?,14.6,?,?,?,14.315581
287.675961,?,?,?,1.65,9.09,5.99,?,1018.3,?,14.5,?,?,?,7.99081
286.684785,?,?,?,1.4,7.69,5.17,?,1018.5,?,14.5,?,?,?,4.965268
286.649774,?,?,?,1.21,8.33,6.22,?,1017.2,?,14.6,?,?,?,4.462284
286.303081,?,?,?,1.24,8.33,6.2,?,1017,?,15.3,?,?,?,4.671229
286.634576,?,?,?,1.06,9.09,6.69,?,1016.1,?,15.2,?,?,?,3.683273
285.369491,?,?,?,0.94,7.14,7,?,1016.8,?,14.9,?,?,?,3.030748
285.841296,?,?,?,0.74,5.88,5.61,?,1018.5,?,14.8,?,?,?,1.505298
285.673792,?,?,?,1.01,6.67,6.61,?,1020.5,?,16.2,?,?,?,3.304002
285.495072,?,?,?,1.02,6.67,5.37,?,1021.7,?,15.2,?,?,?,2.737605
286.215433,?,?,?,0.93,7.69,6.25,?,1024,?,14.8,?,?,?,2.648756
286.735586,?,?,?,0.98,6.67,6.5,?,1024.8,?,14.8,?,?,?,3.058874
286.985546,?,?,?,0.79,7.14,5.72,?,1025.6,?,14.9,?,?,?,1.749227
286.920893,?,?,?,0.73,7.14,5.49,?,1024.6,?,14.8,?,?,?,1.433554
286.778209,?,?,?,0.85,6.67,5.98,?,1024,?,14.8,?,?,?,2.117069
286.708701,?,?,?,0.67,13.79,5.62,?,1023.1,?,14.7,?,?,?,1.236181
286.257081,?,?,?,0.73,14.81,4.69,?,1023.8,?,15.2,?,?,?,1.224657
286.040014,?,?,?,1.11,7.14,5.62,?,1024.4,?,15,?,?,?,3.392957
286.684039,?,?,?,1.24,7.69,6.13,?,1025.1,?,14.8,?,?,?,4.618489
286.906863,?,?,?,1.14,7.14,4.7,?,1023.1,?,15,?,?,?,2.992979
287.603584,?,?,?,2.2,5.88,4.83,?,1017.7,?,14.6,?,?,?,11.454828
287.943366,?,?,?,2.23,6.67,5.62,?,1011.9,?,14.7,?,?,?,13.694372
287.493996,?,?,?,1.58,6.67,4.93,?,1009.3,?,14.5,?,?,?,6.030553
287.894478,?,?,?,1.54,7.14,4.89,?,1008.2,?,14.6,?,?,?,5.682591
287.591445,?,?,?,1.91,7.69,5.22,?,1009.1,?,14.6,?,?,?,9.33111
286.675859,?,?,?,2.15,5.26,4.97,?,1010.8,?,14.6,?,?,?,11.257174
286.753619,?,?,?,2.27,7.14,5.33,?,1010.9,?,14.4,?,?,?,13.457829
286.684,?,?,?,2.22,7.14,5.26,?,1009.9,?,14.4,?,?,?,12.702458
286.910078,?,?,?,2.71,9.09,6.01,?,1009.2,?,14.5,?,?,?,21.62764
286.215243,?,?,?,2.57,9.09,6.3,?,1009.9,?,14.5,?,?,?,20.389326
287.032175,?,?,?,2.59,9.09,6.31,?,1011.8,?,14.4,?,?,?,20.740774
287.148778,?,?,?,2.14,10,6.02,?,1013.9,?,14.4,?,?,?,13.508904
287.146326,?,?,?,2.01,10,6.43,?,1015.4,?,14.7,?,?,?,12.729143
286.780194,?,?,?,1.91,10,6.97,?,1016.4,?,14.7,?,?,?,12.459356
287.044458,?,?,?,1.64,8.33,5.51,?,1016.7,?,14.6,?,?,?,7.261651
286.153796,?,?,?,1.56,9.09,5.69,?,1016.1,?,14.5,?,?,?,6.78512
286.329973,?,?,?,1.84,8.33,4.77,?,1011.7,?,14.5,?,?,?,7.913163
286.11845,?,?,?,2.67,6.67,5.33,?,1004.7,?,14.4,?,?,?,18.618548
286.796367,?,?,?,2.61,7.69,6.08,?,1000.7,?,14.3,?,?,?,20.294608
286.890206,?,?,?,2.5,9.09,6.47,?,999.8,?,14.3,?,?,?,19.814375
286.483434,?,?,?,2.43,10,7.39,?,1000.1,?,15.2,?,?,?,21.382233
287.029221,?,?,?,2.08,9.09,6.98,?,1001.3,?,14.8,?,?,?,14.797153
286.420822,?,?,?,2.17,9.09,6.14,?,1001.9,?,14.6,?,?,?,14.167197
286.578618,?,?,?,2.75,7.69,5.85,?,1003,?,14.5,?,?,?,21.677906
286.977442,?,?,?,2.11,5.56,5.21,?,1004.4,?,14.5,?,?,?,11.365766
286.448453,?,?,?,1.98,7.69,5.52,?,1005.1,?,14.5,?,?,?,10.603898
286.890952,?,?,?,2.14,7.14,5.45,?,1004.7,?,14.5,?,?,?,12.229822
286.354119,?,?,?,1.82,14.81,5.58,?,1004.2,?,14.4,?,?,?,9.056764
286.016526,?,?,?,1.5,14.81,5.89,?,1002,?,14.5,?,?,?,6.493725
286.132175,?,?,?,1.38,14.81,6.95,?,1000.3,?,14.4,?,?,?,6.485434
286.320326,?,?,?,1.08,13.79,4.77,?,1002.2,?,14.4,?,?,?,2.726227
286.308791,?,?,?,1.32,12.9,5.15,?,1005.6,?,14.4,?,?,?,4.396946
287.010076,?,?,?,1.34,7.69,5.07,?,1008.1,?,14.6,?,?,?,4.460809
286.844168,?,?,?,1.84,13.79,6.39,?,1010.6,?,14.5,?,?,?,10.600652
286.832322,?,?,?,2.16,9.09,6.27,?,1012.6,?,14.5,?,?,?,14.334123
286.783428,?,?,?,2.36,7.14,5.38,?,1014.6,?,14.4,?,?,?,14.68258
287.435751,?,?,?,2.49,7.69,5.91,?,1018.5,?,14.5,?,?,?,17.95487
287.430936,?,?,?,2.11,7.69,5.33,?,1019.7,?,14.5,?,?,?,11.62755
287.551595,?,?,?,2.33,7.14,5.22,?,1019.9,?,14.4,?,?,?,13.88604
286.767753,?,?,?,2.45,8.33,5.32,?,1020,?,14.3,?,?,?,15.647317
287.511477,?,?,?,2.47,7.69,5.28,?,1020.9,?,14.4,?,?,?,15.784248
286.743074,?,?,?,2.38,7.14,5.48,?,1020.1,?,14.4,?,?,?,15.210047
287.147413,?,?,?,1.94,7.14,5,?,1019.9,?,14.3,?,?,?,9.22082
286.815492,?,?,?,1.26,6.67,5.16,?,1018.8,?,14.3,?,?,?,4.014088
286.578139,?,?,?,1.09,13.79,5.23,?,1017.9,?,14.6,?,?,?,3.044744
287.178253,?,?,?,0.75,5.26,4.43,?,1015.8,?,14.4,?,?,?,1.221019
287.357228,?,?,?,1.14,5.88,4.46,?,1015.1,?,14.4,?,?,?,2.840146
288.096912,?,?,?,1.84,6.25,4.87,?,1013.5,?,14.4,?,?,?,8.079057
288.779598,?,?,?,2.57,7.14,5.27,?,1013.2,?,14.4,?,?,?,17.055833
287.801758,?,?,?,2.57,8.33,5.53,?,1012.4,?,14.4,?,?,?,17.897298
288.50462,?,?,?,2.83,7.69,5.91,?,1011.1,?,14.3,?,?,?,23.192974
287.561588,?,?,?,2.22,9.09,5.81,?,1011.2,?,14.4,?,?,?,14.030662
287.425651,?,?,?,2.1,9.09,6.02,?,1011.3,?,14.4,?,?,?,13.008618
286.583681,?,?,?,1.75,8.33,6.23,?,1012,?,14.5,?,?,?,9.348894
286.595789,?,?,?,1.64,7.69,5.93,?,1013.6,?,14.4,?,?,?,7.815171
287.189834,?,?,?,1.65,8.33,5.81,?,1014.4,?,14.4,?,?,?,7.750685
287.623394,?,?,?,1.35,7.69,5.56,?,1015.6,?,14.6,?,?,?,4.965219
287.194932,?,?,?,1.31,7.69,5.09,?,1015.3,?,14.6,?,?,?,4.280125
287.293367,?,?,?,1.54,7.69,4.74,?,1015.3,?,14.5,?,?,?,5.508278
286.694632,?,?,?,1.44,8.33,4.79,?,1016,?,14.5,?,?,?,4.866947
286.43904,?,?,?,1.34,7.69,4.78,?,1017.2,?,14.5,?,?,?,4.205654
286.280754,?,?,?,1.13,16,5.09,?,1017.7,?,14.5,?,?,?,3.184716
286.388758,?,?,?,0.99,7.69,4.62,?,1018.1,?,14.5,?,?,?,2.21875
286.673139,?,?,?,1.31,16,5.42,?,1017.9,?,14.5,?,?,?,4.557618
287.685206,?,?,?,1.67,13.79,6.1,?,1017.4,?,14.5,?,?,?,8.336022
287.153011,?,?,?,1.59,12.9,6.58,?,1017.1,?,14.5,?,?,?,8.1511
287.515434,?,?,?,1.82,10,6.22,?,1016.4,?,14.5,?,?,?,10.095533
287.077468,?,?,?,2.01,10,6.36,?,1015.5,?,14.5,?,?,?,12.590568
286.622898,?,?,?,2.12,11.43,5.93,?,1015,?,14.5,?,?,?,13.059378
287.132914,?,?,?,1.9,10.81,6.12,?,1015.7,?,14.5,?,?,?,10.825668
286.946829,?,?,?,1.63,10,6.14,?,1016.7,?,14.5,?,?,?,7.993549
286.772652,?,?,?,1.5,11.43,5.68,?,1018.7,?,14.5,?,?,?,6.2622
286.762471,?,?,?,1.75,10.81,6.22,?,1020,?,14.6,?,?,?,9.333887
286.196379,?,?,?,1.5,9.09,5.91,?,1021.1,?,14.6,?,?,?,6.515775
286.931591,?,?,?,1.44,10,6.12,?,1021.2,?,14.6,?,?,?,6.218312
287.153202,?,?,?,1.37,9.09,4.53,?,1019.2,?,14.5,?,?,?,4.166155
287.421501,?,?,?,2.69,6.67,5.37,?,1014.4,?,14.5,?,?,?,19.04035
288.312519,?,?,?,2.49,6.25,5.12,?,1011.9,?,14.5,?,?,?,15.554811
288.589616,?,?,?,2.65,8.33,5.71,?,1012.4,?,14.4,?,?,?,19.648253
288.191479,?,?,?,3.08,9.09,5.85,?,1011,?,14.4,?,?,?,27.192766
289.643887,?,?,?,?,?,?,?,1008.1,?,14.4,?,?,?,?
287.467029,?,?,?,3.92,10.81,6.45,?,1006.6,?,14.4,?,?,?,48.565507
287.036105,?,?,?,3.52,11.43,7.27,?,1007.4,?,14.4,?,?,?,44.138322
286.4399,?,?,?,3.04,10,7.08,?,1009.3,?,14.4,?,?,?,32.060959
287.068329,?,?,?,2.36,10.81,6.85,?,1008.5,?,14.6,?,?,?,18.694362
285.870547,?,?,?,2.61,9.09,7.19,?,1007,?,14.5,?,?,?,23.99971
286.876755,?,?,?,2.53,9.09,6.84,?,1007.4,?,14.4,?,?,?,21.453256
286.41466,?,?,?,2.39,10,5.74,?,1006.3,?,14.3,?,?,?,16.065852
286.580773,?,?,?,3.17,12.12,6.53,?,1004.9,?,14.4,?,?,?,32.153465
286.175113,?,?,?,3.65,9.09,7.15,?,1002.6,?,14.4,?,?,?,46.675379
286.465177,?,?,?,3.68,12.9,7.07,?,1003.4,?,14.3,?,?,?,46.914936
286.396526,?,?,?,3.19,8.33,6.91,?,1005,?,14.3,?,?,?,34.455257
286.26305,?,?,?,2.85,12.9,6.34,?,1007.4,?,14.4,?,?,?,25.233359
286.374891,?,?,?,3.16,11.43,7.27,?,1009.6,?,14.3,?,?,?,35.571703
286.243179,?,?,?,2.3,11.43,6.22,?,1011.1,?,14.3,?,?,?,16.122862
285.987751,?,?,?,2,10.81,6.43,?,1011.1,?,14.3,?,?,?,12.6028
286.903936,?,?,?,1.82,8.33,5.61,?,1009.3,?,14.3,?,?,?,9.105456
285.716673,?,?,?,1.87,5.56,4.98,?,1004.1,?,14.3,?,?,?,8.533135
286.822188,?,?,?,3.37,7.14,5.73,?,995.2,?,14.2,?,?,?,31.886768
285.779446,?,?,?,3.3,9.09,6.91,?,991.6,?,14.2,?,?,?,36.872451
286.297405,?,?,?,2.76,9.09,6.66,?,989.8,?,14.4,?,?,?,24.859276
285.495435,?,?,?,2.44,8.33,6.49,?,984.5,?,14.3,?,?,?,18.933043
285.567924,?,?,?,2.22,7.69,4.95,?,976.1,?,14.2,?,?,?,11.953834
284.998579,?,?,?,2.28,5.88,5.08,?,975,?,14.2,?,?,?,12.939857
285.640148,?,?,?,2.9,7.14,5.63,?,980.5,?,14.1,?,?,?,23.200667
285.817585,?,?,?,3.37,9.09,5.92,?,984.7,?,14.1,?,?,?,32.944096
285.901713,?,?,?,4.14,7.69,6.81,?,989.7,?,14,?,?,?,57.193131
285.50258,?,?,?,3.61,11.43,6.85,?,994.7,?,14,?,?,?,43.742244
286.28557,?,?,?,3.09,10,6.54,?,999.1,?,14,?,?,?,30.597841
285.82806,?,?,?,2.17,9.09,6.23,?,1001.5,?,13.9,?,?,?,14.374859
285.610551,?,?,?,2.02,9.09,6.16,?,1002.2,?,13.9,?,?,?,12.316279
285.479945,?,?,?,1.71,7.69,6.33,?,1003.3,?,13.9,?,?,?,9.069681
286.007655,?,?,?,1.49,8.33,5.62,?,1004.8,?,14,?,?,?,6.113711
285.282941,?,?,?,1.34,8.33,6.43,?,1004.8,?,14,?,?,?,5.657397
284.735875,?,?,?,1.36,9.09,6.66,?,1003.3,?,13.9,?,?,?,6.035985
284.601708,?,?,?,1.5,8.33,7.44,?,1000.5,?,13.9,?,?,?,8.2026
285.023501,?,?,?,1.64,7.69,6.48,?,997.3,?,14,?,?,?,8.540018
285.238288,?,?,?,1.21,8.33,4.64,?,997,?,13.9,?,?,?,3.328778
285.118181,?,?,?,1.35,7.69,5.52,?,999.5,?,13.9,?,?,?,4.929498
285.008253,?,?,?,1.32,5.88,5.07,?,1001.6,?,13.9,?,?,?,4.328644
285.946182,?,?,?,1.63,8.33,6.37,?,1005.5,?,14.1,?,?,?,8.292982
285.443508,?,?,?,1.52,8.33,6.15,?,1008.7,?,13.9,?,?,?,6.96239
285.147213,?,?,?,1.26,7.69,6.37,?,1010.6,?,13.8,?,?,?,4.955376
285.335163,?,?,?,1.16,6.67,6.18,?,1012.3,?,13.8,?,?,?,4.074746
285.19372,?,?,?,0.94,11.43,6.07,?,1011.8,?,14.1,?,?,?,2.628091
285.111974,?,?,?,0.68,12.12,4.14,?,1011.1,?,13.9,?,?,?,0.938025
285.515417,?,?,?,0.9,3.85,4.04,?,1009.8,?,13.8,?,?,?,1.603476
285.771027,?,?,?,1.57,12.12,4.96,?,1009.5,?,13.8,?,?,?,5.990693
285.979388,?,?,?,1.94,10.81,5.38,?,1008.9,?,13.9,?,?,?,9.921602
285.988801,?,?,?,1.66,5.56,5.12,?,1010.1,?,13.8,?,?,?,6.913249
286.077732,?,?,?,1.48,7.14,4.95,?,1010.9,?,13.8,?,?,?,5.312815
285.133392,?,?,?,1.38,5.56,5.09,?,1012.5,?,13.8,?,?,?,4.749764
285.953015,?,?,?,1.09,5.26,4.78,?,1012.3,?,14,?,?,?,2.782768
285.53267,?,?,?,1.24,9.09,6.15,?,1011.2,?,13.8,?,?,?,4.633558
285.967085,?,?,?,1.17,12.12,6.69,?,1008.4,?,13.7,?,?,?,4.487391
285.934201,?,?,?,1.52,10,5.7,?,1005.8,?,13.7,?,?,?,6.452947
286.444996,?,?,?,1.76,11.43,5.43,?,1001.8,?,13.7,?,?,?,8.241784
285.715936,?,?,?,1.73,10,5.16,?,998.1,?,13.7,?,?,?,7.567248
285.801828,?,?,?,2.2,9.09,6.44,?,996.2,?,13.7,?,?,?,15.273104
284.827488,?,?,?,2.53,9.09,6.54,?,995.3,?,13.7,?,?,?,20.512324
284.768381,?,?,?,3.4,10.81,7.65,?,993.7,?,13.7,?,?,?,43.33266
285.603394,?,?,?,2.15,10.81,5.79,?,993.4,?,13.7,?,?,?,13.114495
286.504676,?,?,?,1.97,9.09,5.37,?,994.3,?,13.6,?,?,?,10.211812
285.76754,?,?,?,1.87,6.25,5.11,?,997.9,?,13.6,?,?,?,8.755888
285.760544,?,?,?,1.69,6.25,4.81,?,1002.1,?,13.7,?,?,?,6.731542
285.513493,?,?,?,2.02,7.14,5.14,?,1006.3,?,13.6,?,?,?,10.276895
285.525777,?,?,?,2.28,8.33,5.5,?,1007.8,?,13.6,?,?,?,14.009688
285.547154,?,?,?,2.94,8.33,5.97,?,1009.5,?,13.4,?,?,?,25.285123
284.963616,?,?,?,3.05,9.09,6.09,?,1012.8,?,13.5,?,?,?,27.75959
284.04401,?,?,?,2.72,8.33,5.93,?,1015.1,?,13.4,?,?,?,21.497531
283.859702,?,?,?,3.58,10,6.54,?,1018.1,?,13.3,?,?,?,41.071435
284.323433,?,?,?,2.75,9.09,6.07,?,1020.8,?,13.2,?,?,?,22.493144
284.741205,?,?,?,2.44,7.14,5.68,?,1022.4,?,13.2,?,?,?,16.57006
284.480787,?,?,?,1.7,7.69,5.83,?,1023.1,?,13.1,?,?,?,8.255863
283.810075,?,?,?,1.52,7.14,5.46,?,1023.2,?,13.1,?,?,?,6.181244
283.694745,?,?,?,1.15,6.67,4.26,?,1022.1,?,13,?,?,?,2.760586
284.232462,?,?,?,1.57,5,4.15,?,1019.8,?,13,?,?,?,5.012374
284.313168,?,?,?,2.63,7.69,5.41,?,1015.4,?,13,?,?,?,18.33601
284.575197,?,?,?,3.84,10,6.27,?,1008.4,?,12.9,?,?,?,45.302907
284.625527,?,?,?,4.96,10,7.05,?,995.3,?,12.9,?,?,?,84.986227
285.449124,?,?,?,6.85,12.9,8.69,?,983.1,?,12.5,?,?,?,199.800697
285.452922,?,?,?,4.82,12.12,8.08,?,980.5,?,12.6,?,?,?,91.981718
284.287241,?,?,?,5.13,10,7.86,?,979.3,?,12.5,?,?,?,101.356909
283.822442,?,?,?,4.23,11.43,8.49,?,983.4,?,12.6,?,?,?,74.436253
283.571655,?,?,?,3.96,10.81,6.87,?,992.4,?,12.4,?,?,?,52.78897
283.665174,?,?,?,3.28,11.43,6.02,?,998.2,?,12.4,?,?,?,31.735128
282.923975,?,?,?,3.34,7.69,6.4,?,1002.8,?,12.2,?,?,?,34.983962
282.976266,?,?,?,2.88,8.33,6.02,?,1002.6,?,12.3,?,?,?,24.466821
282.453714,?,?,?,2.17,10,5.9,?,1003.4,?,12.2,?,?,?,13.61343
282.402139,?,?,?,2.15,9.09,6.57,?,1000.4,?,12.1,?,?,?,14.881214
281.345064,?,?,?,1.8,7.14,5.76,?,997.1,?,12.2,?,?,?,9.144576
281.192369,?,?,?,1.88,5,4.91,?,998.5,?,12,?,?,?,8.503413
281.611512,?,?,?,3.55,8.33,6.33,?,1003.1,?,12.1,?,?,?,39.089174
281.027314,?,?,?,?,?,?,?,1008.4,?,11.7,?,?,?,?
281.091046,?,?,?,3.73,10,6.83,?,1013.1,?,11.7,?,?,?,46.562302
280.636177,?,?,?,2.81,8.33,5.77,?,1015.9,?,11.5,?,?,?,22.324644
280.977574,?,?,?,2.28,7.69,6.59,?,1017.9,?,11.5,?,?,?,16.786153
280.612265,?,?,?,1.85,8.33,5.42,?,1018.9,?,11.6,?,?,?,9.089476
280.807925,?,?,?,1.49,8.33,5.75,?,1019.6,?,11.5,?,?,?,6.255132
280.505128,?,?,?,1.56,6.25,5.15,?,1019.4,?,11.5,?,?,?,6.14119
280.336201,?,?,?,1.07,5.88,4.85,?,1018.4,?,11.6,?,?,?,2.720855
279.879996,?,?,?,0.98,5.26,4.93,?,1017.1,?,11.4,?,?,?,2.320038
280.156377,?,?,?,0.91,14.81,5.58,?,1014.7,?,11.5,?,?,?,2.264191
279.983343,?,?,?,0.89,13.79,5.72,?,1012.6,?,11.3,?,?,?,2.220098
281.034082,?,?,?,0.76,6.67,4.69,?,1007.7,?,11.5,?,?,?,1.327383
282.821439,?,?,?,1.92,5.88,4.56,?,1000.5,?,11.5,?,?,?,8.236892
284.22806,?,?,?,3.19,7.69,5.74,?,990,?,11.5,?,?,?,28.621299
284.891355,?,?,?,3.11,8.33,6.33,?,980.5,?,11.4,?,?,?,29.999953
285.026523,?,?,?,2.75,7.69,6.56,?,979.6,?,11.4,?,?,?,24.3089
284.508191,?,?,?,3.41,10,7.18,?,977.9,?,11.4,?,?,?,40.909981
283.049387,?,?,?,5.54,16,10.78,?,976.3,?,11.5,?,?,?,162.11917
284.462572,?,?,?,6.51,16,10.28,?,974.5,?,11.4,?,?,?,213.47704
284.981589,?,?,?,5.82,16,10.33,?,973,?,11.5,?,?,?,171.451927
283.635895,?,?,?,4.96,13.79,9.16,?,979.3,?,11.4,?,?,?,110.421821
283.534814,?,?,?,4.42,12.9,7.43,?,986.9,?,11.4,?,?,?,71.126171
282.634577,?,?,?,4.04,13.79,8.09,?,992.6,?,11.4,?,?,?,64.700455
282.781706,?,?,?,3.58,11.43,6.69,?,997,?,11.4,?,?,?,42.013441
282.183466,?,?,?,3.18,12.12,7.28,?,999.4,?,11.4,?,?,?,36.072953
281.777538,?,?,?,2.66,10,6.55,?,995.5,?,11.3,?,?,?,22.709138
282.095235,?,?,?,3.3,5.56,5.55,?,987.2,?,11.4,?,?,?,29.615355
280.978427,?,?,?,4.11,8.33,6.18,?,988.1,?,11.2,?,?,?,51.152657
281.319252,?,?,?,3.82,9.09,6.5,?,989.6,?,11,?,?,?,46.476794
280.288194,?,?,?,2.57,7.69,5.55,?,991.9,?,11,?,?,?,17.962026
280.89834,?,?,?,2.69,9.09,6.37,?,995.8,?,10.9,?,?,?,22.586039
282.164305,?,?,?,2.17,10.81,5.88,?,996.8,?,11,?,?,?,13.567283
282.317598,?,?,?,2.59,5.88,5.2,?,997.7,?,10.9,?,?,?,17.092239
282.298626,?,?,?,3.79,8.33,6.52,?,997.8,?,10.9,?,?,?,45.890427
281.88625,?,?,?,3.08,10,6.49,?,997,?,10.8,?,?,?,30.167701
281.977787,?,?,?,3.28,10.81,6.77,?,996.7,?,10.8,?,?,?,35.68884
282.12648,?,?,?,3.23,11.43,8.18,?,996.9,?,10.8,?,?,?,41.81715
283.434739,?,?,?,2.78,9.09,6.65,?,997.3,?,10.8,?,?,?,25.182991
283.045098,?,?,?,2.57,10,7.42,?,997.6,?,10.8,?,?,?,24.014095
282.738257,?,?,?,1.72,7.14,5.96,?,998,?,10.9,?,?,?,8.639711
282.294864,?,?,?,2.3,9.09,7.01,?,998.6,?,10.8,?,?,?,18.170621
281.704043,?,?,?,1.6,9.09,5.92,?,998.8,?,10.8,?,?,?,7.426048
281.512721,?,?,?,1.67,9.09,6.33,?,999,?,10.7,?,?,?,8.650331
282.197192,?,?,?,1.36,9.09,6.37,?,998.3,?,11,?,?,?,5.773156
282.055951,?,?,?,1.46,10,6.59,?,996.4,?,10.7,?,?,?,6.88315
281.792992,?,?,?,1.68,11.43,7.19,?,994.2,?,10.7,?,?,?,9.943597
281.148204,?,?,?,1.69,11.43,7.16,?,991.8,?,10.6,?,?,?,10.020341
282.160324,?,?,?,1.56,11.43,6.45,?,989.6,?,10.7,?,?,?,7.691393
282.432861,?,?,?,1.35,10,6.37,?,988.6,?,10.6,?,?,?,5.688569
282.419914,?,?,?,1.27,11.43,5.22,?,988.3,?,10.6,?,?,?,4.125476
282.369687,?,?,?,2.14,13.79,6.86,?,988.3,?,10.5,?,?,?,15.393867
282.972358,?,?,?,2.44,12.12,6.43,?,987.8,?,10.6,?,?,?,18.758008
282.575372,?,?,?,2.62,11.43,6.5,?,987.6,?,10.4,?,?,?,21.863114
282.645134,?,?,?,?,?,?,?,987,?,10.4,?,?,?,?
281.716853,?,?,?,2.34,8.33,5.46,?,986.2,?,10.3,?,?,?,14.64942
280.946783,?,?,?,2.52,5.88,5.74,?,985.9,?,10.4,?,?,?,17.861135
279.872313,?,?,?,2.74,10.81,5.95,?,985.9,?,10.4,?,?,?,21.888408
278.608362,?,?,?,2.6,7.14,5.82,?,985.4,?,10.3,?,?,?,19.278168
279.413576,?,?,?,2.37,7.69,5.73,?,985.3,?,10.3,?,?,?,15.77057
279.942877,?,?,?,1.9,7.69,5.67,?,987.3,?,10.2,?,?,?,10.029663
278.687999,?,?,?,1.32,9.09,5.75,?,988.7,?,10.3,?,?,?,4.909212
279.262435,?,?,?,1.28,10.81,5.46,?,989.5,?,10.3,?,?,?,4.383375
280.127525,?,?,?,1.15,10,4.19,?,987.4,?,10.3,?,?,?,2.715225
280.55896,?,?,?,2.21,5.26,4.81,?,984,?,10.3,?,?,?,11.511335
281.552378,?,?,?,2.82,7.69,5.84,?,979.9,?,10.2,?,?,?,22.756588
282.551485,?,?,?,3.23,9.09,6.91,?,979.6,?,10.2,?,?,?,35.324756
282.988378,?,?,?,3.69,7.14,6.35,?,979.7,?,10.2,?,?,?,42.366495
283.530086,?,?,?,4.12,7.14,6.47,?,982.2,?,10.2,?,?,?,53.81394
283.222398,?,?,?,2.91,9.09,6.21,?,990.2,?,10,?,?,?,25.767581
282.133374,?,?,?,2.74,7.14,6.21,?,997.9,?,10,?,?,?,22.844876
281.631714,?,?,?,2.53,6.67,6.51,?,1002.9,?,10,?,?,?,20.418231
281.364279,?,?,?,2.35,8.33,5.5,?,1005.2,?,9.9,?,?,?,14.883138
281.146755,?,?,?,2.21,6.67,5.61,?,1008.9,?,9.9,?,?,?,13.425902
280.954301,?,?,?,2.08,9.09,6.2,?,1009.6,?,9.8,?,?,?,13.143603
281.538497,?,?,?,2.02,8.33,6.03,?,1010.2,?,10,?,?,?,12.056358
282.248561,?,?,?,1.67,7.69,6,?,1010.2,?,10,?,?,?,8.199366
281.27894,?,?,?,1.57,6.25,5.57,?,1010.6,?,10,?,?,?,6.727452
280.505227,?,?,?,1.26,5.26,5.04,?,1010.5,?,10,?,?,?,3.920737
280.279373,?,?,?,1.71,7.69,5.13,?,1010.9,?,10,?,?,?,7.35031
280.369207,?,?,?,1.73,6.67,4.84,?,1010.6,?,9.9,?,?,?,7.097962
280.032661,?,?,?,1.33,5.88,4.95,?,1010.9,?,9.9,?,?,?,4.290467
280.132644,?,?,?,1.13,6.25,4.57,?,1010.9,?,10,?,?,?,2.859362
280.779315,?,?,?,0.89,7.14,5.03,?,1011.6,?,9.8,?,?,?,1.952289
280.491301,?,?,?,0.86,5.88,4.89,?,1012.2,?,10.1,?,?,?,1.772156
280.32105,?,?,?,0.88,5.88,5.16,?,1013,?,10,?,?,?,1.957993
279.760015,?,?,?,0.8,6.25,4.64,?,1012.6,?,10,?,?,?,1.455104
280.114845,?,?,?,0.83,10.81,5.3,?,1012.2,?,10,?,?,?,1.789073
280.371034,?,?,?,1.27,10.81,7.68,?,1010,?,10.1,?,?,?,6.069665
280.671227,?,?,?,1.43,10.81,7.36,?,1007,?,10,?,?,?,7.374727
280.938358,?,?,?,1.49,13.79,7.68,?,1002.2,?,10,?,?,?,8.35468
280.755872,?,?,?,1.92,12.12,7.82,?,997.6,?,9.9,?,?,?,14.125548
281.308331,?,?,?,1.65,12.12,5.73,?,993.2,?,10,?,?,?,7.643963
281.181143,?,?,?,2.27,11.43,6.13,?,992.2,?,9.9,?,?,?,15.477766
281.213039,?,?,?,2.26,11.43,6.63,?,994.3,?,9.9,?,?,?,16.59306
280.360675,?,?,?,3.53,12.12,8.55,?,997.2,?,9.9,?,?,?,52.204941
280.209909,?,?,?,2.47,12.12,7.38,?,1000.6,?,9.9,?,?,?,22.062075
280.784721,?,?,?,2.66,12.12,8.19,?,1003.3,?,9.8,?,?,?,28.39509
280.827796,?,?,?,1.91,10.81,6.92,?,1002.7,?,9.8,?,?,?,12.369977
280.765687,?,?,?,2.03,10.81,5.66,?,1000.3,?,9.8,?,?,?,11.428904
279.635606,?,?,?,2.14,10.81,5.37,?,998.3,?,9.8,?,?,?,12.050301
278.587243,?,?,?,2.24,7.69,5.78,?,997.5,?,9.5,?,?,?,14.210847
278.443904,?,?,?,3.01,9.09,6.01,?,995.1,?,9.7,?,?,?,26.681088
280.532944,?,?,?,1.96,8.33,6,?,989.9,?,9.4,?,?,?,11.294304
281.196735,?,?,?,1.82,5.88,4.47,?,982.6,?,9.5,?,?,?,7.25515
281.998596,?,?,?,3.1,8.33,5.89,?,982.4,?,9.5,?,?,?,27.735421
281.267045,?,?,?,4.42,10,7.11,?,984.9,?,9.4,?,?,?,68.062864
280.805399,?,?,?,4.11,14.81,7.6,?,983,?,9.4,?,?,?,62.90618
280.350373,?,?,?,3.48,12.12,6.8,?,985.1,?,9.3,?,?,?,40.351853
280.294653,?,?,?,4.56,12.12,7.63,?,987.4,?,9.4,?,?,?,77.741032
279.627025,?,?,?,4.37,13.79,7.3,?,991.9,?,9.3,?,?,?,68.309611
280.013806,?,?,?,4.62,13.79,7.48,?,994.6,?,9.2,?,?,?,78.231495
280.335141,?,?,?,3.83,9.09,6.82,?,997.2,?,9.2,?,?,?,49.02053
280.713057,?,?,?,2.69,13.79,6.8,?,997.6,?,9.2,?,?,?,24.110685
280.598221,?,?,?,2.88,8.33,6.58,?,997.4,?,9.2,?,?,?,26.742804
280.600832,?,?,?,2.07,10.81,6.84,?,996.1,?,9,?,?,?,14.361271
280.131679,?,?,?,2.23,10,6.79,?,995.3,?,9.1,?,?,?,16.545336
280.010239,?,?,?,1.71,10,6.78,?,995.1,?,9.2,?,?,?,9.714445
280.150282,?,?,?,2.02,10,7.33,?,996.2,?,9.1,?,?,?,14.655573
280.018046,?,?,?,1.67,10,6.42,?,997.8,?,9,?,?,?,8.773322
280.67681,?,?,?,2.28,9.09,7.52,?,999.3,?,9,?,?,?,19.155064
280.450499,?,?,?,1.91,10,6.43,?,1000.9,?,9,?,?,?,11.494069
279.419983,?,?,?,1.78,9.09,6.83,?,1000.6,?,9.3,?,?,?,10.603684
279.066273,?,?,?,1.57,8.33,5.6,?,998.4,?,9,?,?,?,6.763686
278.774624,?,?,?,1.4,9.09,6.82,?,994.9,?,9.3,?,?,?,6.549928
279.020865,?,?,?,1.45,8.33,5.9,?,993.7,?,9.2,?,?,?,6.078328
279.455084,?,?,?,1.21,9.09,6.3,?,994,?,9.3,?,?,?,4.519677
280.731882,?,?,?,1.5,4,4.26,?,992.6,?,9,?,?,?,4.69665
281.842536,?,?,?,3.61,7.14,5.99,?,986.9,?,9.2,?,?,?,38.250517
281.344669,?,?,?,3.13,9.09,6.31,?,989.7,?,9.3,?,?,?,30.291035
281.82744,?,?,?,3.32,10,6.93,?,992.5,?,9.3,?,?,?,37.428764
282.177253,?,?,?,4.23,10.81,6.8,?,992,?,9.3,?,?,?,59.619143
281.756482,?,?,?,5.16,11.43,7.95,?,994.4,?,9.3,?,?,?,103.720025
280.834105,?,?,?,5.39,10.81,7.72,?,998.4,?,9.2,?,?,?,109.898284
280.659105,?,?,?,4.72,10.81,7.23,?,998.8,?,9.2,?,?,?,78.925688
280.734905,?,?,?,3.96,10.81,6.92,?,1005.1,?,9.2,?,?,?,53.173169
281.016653,?,?,?,3.54,10,6.56,?,1010.1,?,9.2,?,?,?,40.281575
281.129888,?,?,?,2.87,9.09,6.4,?,1014,?,9.2,?,?,?,25.830918
281.337699,?,?,?,2.61,8.33,5.57,?,1014.6,?,9.2,?,?,?,18.592265
281.5842,?,?,?,3.86,8.33,6.45,?,1013.4,?,9.1,?,?,?,47.090186
282.000615,?,?,?,4.78,10.81,7.22,?,1012.2,?,9.1,?,?,?,80.83307
282.394439,?,?,?,5.74,11.43,8,?,1013.5,?,9.1,?,?,?,129.154592
282.299764,?,?,?,4.31,12.12,7.85,?,1015.5,?,9,?,?,?,71.452969
281.766694,?,?,?,4.31,12.12,8.37,?,1017.7,?,9,?,?,?,76.186159
282.307068,?,?,?,2.84,9.09,6.88,?,1017.6,?,9,?,?,?,27.190751
282.233983,?,?,?,3,12.12,6.48,?,1015.7,?,9,?,?,?,28.5768
281.973572,?,?,?,4.25,8.33,6.36,?,1008.6,?,9,?,?,?,56.289975
282.710604,?,?,?,3.99,9.09,6.82,?,1010,?,9,?,?,?,53.20179
283.001393,?,?,?,3.83,9.09,6.35,?,1010.3,?,8.9,?,?,?,45.642282
283.463234,?,?,?,3.81,9.09,6.51,?,1009.9,?,9,?,?,?,46.304907
283.420533,?,?,?,4.31,9.09,6.68,?,1007.5,?,8.9,?,?,?,60.803291
283.073706,?,?,?,4.8,10,7.28,?,1008.4,?,8.9,?,?,?,82.188288
283.700193,?,?,?,4.58,10.81,7.09,?,1009.4,?,8.9,?,?,?,72.874111
283.151527,?,?,?,4.89,11.43,7.41,?,1009.9,?,8.9,?,?,?,86.822444
282.303367,?,?,?,5.05,12.12,7.54,?,1010.4,?,8.7,?,?,?,94.221536
282.746437,?,?,?,?,?,?,?,1011.5,?,8.7,?,?,?,?
282.521681,?,?,?,4.46,12.9,7.59,?,1012.2,?,8.7,?,?,?,73.97885
282.134915,?,?,?,4.04,12.12,6.89,?,1012.1,?,8.6,?,?,?,55.103354
282.870098,?,?,?,4.38,11.43,6.94,?,1012,?,8.6,?,?,?,65.238471
282.354888,?,?,?,4.03,10.81,7.13,?,1013.2,?,8.6,?,?,?,56.740832
281.886566,?,?,?,3.32,10.81,6.36,?,1015.2,?,8.6,?,?,?,34.350207
282.152508,?,?,?,3.24,8.33,6.03,?,1016,?,8.6,?,?,?,31.017259
281.691442,?,?,?,2.96,6.67,5.86,?,1014.6,?,8.5,?,?,?,25.158058
282.287243,?,?,?,4.02,7.69,6.43,?,1011.6,?,8.5,?,?,?,50.916572
282.446633,?,?,?,4.26,10.81,6.99,?,1012.2,?,8.5,?,?,?,62.157345
282.376124,?,?,?,3.76,10,6.55,?,1012.1,?,8.5,?,?,?,45.374627
282.281006,?,?,?,4.08,9.09,6.5,?,1006.7,?,8.5,?,?,?,53.018784
281.731143,?,?,?,3.45,11.43,7.15,?,1002.9,?,8.5,?,?,?,41.700409
281.735987,?,?,?,3.87,12.12,7.92,?,1009.1,?,8.5,?,?,?,58.122354
281.068223,?,?,?,3.24,12.12,7.35,?,1015.4,?,8.5,?,?,?,37.807106
281.231236,?,?,?,3.3,11.43,7.24,?,1018.7,?,8.4,?,?,?,38.633364
281.330457,?,?,?,2.73,9.09,6.71,?,1016.4,?,8.4,?,?,?,24.50439
282.121048,?,?,?,2.91,5.88,5.61,?,1008.9,?,8.4,?,?,?,23.27796
281.766993,?,?,?,3.8,7.69,6.16,?,1000.7,?,8.5,?,?,?,43.585696
282.434179,?,?,?,4.84,10,6.86,?,988.6,?,8.4,?,?,?,78.742812
281.596942,?,?,?,5.39,12.12,8.05,?,984.3,?,8.5,?,?,?,114.596008
280.421833,?,?,?,5.17,11.43,7.45,?,995.9,?,8.4,?,?,?,97.573849
280.711838,?,?,?,5.08,10.81,7.97,?,1003.6,?,8.4,?,?,?,100.781734
280.869618,?,?,?,4.63,10.81,7.7,?,1006.1,?,8.4,?,?,?,80.881424
280.589286,?,?,?,3.95,12.9,8.05,?,1006.7,?,8.4,?,?,?,61.544061
281.271258,?,?,?,3.5,12.12,7.97,?,1005.4,?,8.4,?,?,?,47.839925
281.447713,?,?,?,2.64,11.43,6.02,?,999.3,?,8.4,?,?,?,20.558926
281.403752,?,?,?,3.28,9.09,5.96,?,992.7,?,8.4,?,?,?,31.418831
281.313054,?,?,?,5.12,8.33,7.06,?,983.3,?,8.4,?,?,?,90.686095
281.056554,?,?,?,6.46,10.81,8.26,?,978.4,?,8,?,?,?,168.904478
280.896861,?,?,?,6.74,16,9.52,?,977,?,8.1,?,?,?,211.910668
280.390516,?,?,?,6.03,13.79,9.51,?,976.1,?,8,?,?,?,169.438158
279.802672,?,?,?,6.03,13.79,9.03,?,976.3,?,8.3,?,?,?,160.886074
279.773199,?,?,?,4.87,12.9,9.1,?,977.3,?,8.2,?,?,?,105.753657
280.0097,?,?,?,4.51,11.43,8.18,?,978.4,?,8.3,?,?,?,81.527189
279.731754,?,?,?,4.01,12.9,7.11,?,980.8,?,8.4,?,?,?,56.02146
279.55858,?,?,?,4.13,12.9,7.81,?,984.7,?,8.5,?,?,?,65.275051
279.84169,?,?,?,3.5,12.12,7.67,?,988,?,8.4,?,?,?,46.039175
280.03213,?,?,?,3.45,12.9,7.52,?,990.4,?,8.4,?,?,?,43.858332
279.982313,?,?,?,3.44,12.12,7.36,?,992.9,?,8.2,?,?,?,42.676695
280.05487,?,?,?,3.41,11.43,6.97,?,994.4,?,8.3,?,?,?,39.71345
280.496502,?,?,?,3,11.43,7.36,?,997.4,?,8.3,?,?,?,32.4576
280.064048,?,?,?,3.47,10,7.56,?,1000.2,?,8.3,?,?,?,44.60431
279.539206,?,?,?,2.44,10.81,6.9,?,1001.9,?,8.3,?,?,?,20.129122
280.317251,?,?,?,2.56,9.09,6.7,?,1004,?,8.2,?,?,?,21.515469
280.561284,?,?,?,1.98,11.43,6.36,?,1006.8,?,8.4,?,?,?,12.217535
280.212157,?,?,?,2.38,10.81,6.79,?,1011.2,?,8.3,?,?,?,18.846025
280.567749,?,?,?,2.04,9.09,6.17,?,1015.3,?,8.4,?,?,?,12.581765
280.291187,?,?,?,1.87,9.09,6.95,?,1020.4,?,8.4,?,?,?,11.908693
280.842765,?,?,?,1.66,8.33,6.75,?,1023.5,?,8.4,?,?,?,9.114147
279.959281,?,?,?,1.48,7.69,6.87,?,1025.8,?,8.4,?,?,?,7.373544
279.348445,?,?,?,1.11,8.33,6.38,?,1026.2,?,8.4,?,?,?,3.851791
279.460059,?,?,?,0.98,7.14,6.16,?,1025.2,?,8.4,?,?,?,2.898871
279.587405,?,?,?,0.77,10,4.96,?,1023.8,?,8.4,?,?,?,1.440984
279.057596,?,?,?,0.94,9.09,4.14,?,1023.1,?,8.3,?,?,?,1.792471
278.9658,?,?,?,1.29,17.39,5.4,?,1022.2,?,8.3,?,?,?,4.403209
279.014109,?,?,?,2.07,14.81,7.39,?,1021.8,?,8.3,?,?,?,15.516051
279.227264,?,?,?,2.17,13.79,7.93,?,1021.6,?,8.3,?,?,?,18.297373
278.544282,?,?,?,2.45,13.79,9.08,?,1022.3,?,8.3,?,?,?,26.706323
279.204006,?,?,?,2.24,12.9,8.76,?,1022.8,?,8.2,?,?,?,21.537546
278.474286,?,?,?,2.47,12.9,8.55,?,1022.1,?,8.3,?,?,?,25.559721
279.732506,?,?,?,2.11,12.12,8.03,?,1020.9,?,8.3,?,?,?,17.517678
279.794638,?,?,?,2.1,13.79,8.64,?,1020.2,?,8.2,?,?,?,18.670176
279.038032,?,?,?,1.87,12.12,7,?,1020.2,?,8.1,?,?,?,11.994367
279.171975,?,?,?,1.49,12.12,7.1,?,1020.4,?,8.2,?,?,?,7.723728
279.872489,?,?,?,1.54,12.12,5.7,?,1020.1,?,8.1,?,?,?,6.623879
279.617825,?,?,?,1.47,12.12,5.19,?,1020.9,?,8.1,?,?,?,5.495385
278.871772,?,?,?,2.31,8.33,5.8,?,1021.4,?,8.1,?,?,?,15.165196
279.145181,?,?,?,2.21,7.69,5.71,?,1019.9,?,8,?,?,?,13.665223
279.099842,?,?,?,2.38,7.14,5.65,?,1018.3,?,7.9,?,?,?,15.681891
279.41945,?,?,?,1.86,5.88,4.97,?,1017.7,?,8,?,?,?,8.425164
279.444088,?,?,?,1.92,7.14,5.06,?,1015.9,?,7.9,?,?,?,9.14006
280.012876,?,?,?,2.5,7.14,5.32,?,1012.8,?,8,?,?,?,16.2925
280.434338,?,?,?,3.28,8.33,6.37,?,1010.9,?,7.9,?,?,?,33.580194
280.916351,?,?,?,3.47,12.12,6.34,?,1007.5,?,7.9,?,?,?,37.40626
279.931315,?,?,?,4.18,10,7.17,?,1005.1,?,7.9,?,?,?,61.385783
278.481702,?,?,?,3.71,11.43,6.55,?,1008.7,?,7.9,?,?,?,44.175879
279.646537,?,?,?,4.36,10,7.48,?,1010.1,?,7.9,?,?,?,69.673986
279.144077,?,?,?,3.9,12.9,7.7,?,1010.6,?,7.8,?,?,?,57.38733
279.413692,?,?,?,4.09,12.9,7.64,?,1011,?,7.8,?,?,?,62.623315
279.032885,?,?,?,3.34,13.79,7.24,?,1010.4,?,7.8,?,?,?,39.575607
280.191442,?,?,?,3,10.81,6.61,?,1009.7,?,7.8,?,?,?,29.1501
280.631868,?,?,?,2.85,12.9,5.98,?,1006.8,?,7.8,?,?,?,23.80055
280.103003,?,?,?,2.97,7.14,5.76,?,1005.6,?,7.8,?,?,?,24.896108
280.570194,?,?,?,2.92,7.69,5.91,?,1004.1,?,7.8,?,?,?,24.691602
280.71461,?,?,?,3.12,7.69,5.9,?,1002.2,?,7.8,?,?,?,28.14215
280.913601,?,?,?,3.2,7.69,5.84,?,1000.6,?,7.7,?,?,?,29.302784
280.223505,?,?,?,2.84,8.33,5.86,?,998,?,7.7,?,?,?,23.159564
280.736923,?,?,?,2.51,8.33,5.56,?,996.7,?,7.7,?,?,?,17.163992
281.463971,?,?,?,2.41,10,5.81,?,994.7,?,7.7,?,?,?,16.53508
281.066744,?,?,?,2.27,9.09,5.93,?,993.3,?,7.8,?,?,?,14.972782
280.918308,?,?,?,1.87,7.69,6.16,?,992.1,?,7.8,?,?,?,10.555043
280.783366,?,?,?,1.96,9.09,5.69,?,992.6,?,7.8,?,?,?,10.710765
281.302543,?,?,?,2.17,9.09,5.26,?,990.4,?,7.9,?,?,?,12.136719
281.596972,?,?,?,2.53,7.69,5.66,?,987.8,?,7.9,?,?,?,17.752256
281.551894,?,?,?,3.78,9.09,6.32,?,976.9,?,7.8,?,?,?,44.248317
281.463509,?,?,?,6.84,12.12,8.47,?,980.5,?,7.8,?,?,?,194.174276
281.119095,?,?,?,5.09,11.43,8.02,?,980.6,?,7.7,?,?,?,101.813651
281.720298,?,?,?,4.45,10.81,6.98,?,976,?,7.8,?,?,?,67.728511
281.690892,?,?,?,4.58,12.9,7.63,?,968.6,?,7.9,?,?,?,78.424467
281.148585,?,?,?,4.91,11.43,7.14,?,964,?,8,?,?,?,84.344599
280.692652,?,?,?,4.9,12.9,8.13,?,964,?,7.9,?,?,?,95.648637
279.886425,?,?,?,4.68,12.12,8.22,?,969.1,?,7.8,?,?,?,88.218487
279.630315,?,?,?,4.17,11.43,7.94,?,972.6,?,7.9,?,?,?,67.653254
280.020767,?,?,?,3.5,11.43,8.06,?,973.9,?,7.9,?,?,?,48.38015
279.776916,?,?,?,3.37,11.43,7.24,?,975.5,?,8,?,?,?,40.289738
279.652464,?,?,?,3.24,12.12,7.86,?,979.3,?,8,?,?,?,40.430457
280.123415,?,?,?,2.96,10.81,7.34,?,981.9,?,7.8,?,?,?,31.511971
279.779391,?,?,?,2.66,11.43,7.34,?,982.4,?,7.8,?,?,?,25.448103
279.731143,?,?,?,2.11,10.81,7.51,?,982.9,?,7.7,?,?,?,16.383283
279.757692,?,?,?,2.58,12.9,8.35,?,984.2,?,7.9,?,?,?,27.234661
280.142879,?,?,?,2.01,10.81,7.21,?,986.4,?,7.9,?,?,?,14.273269
280.068197,?,?,?,1.93,10.81,7.18,?,987.6,?,7.8,?,?,?,13.104943
279.739802,?,?,?,1.87,11.43,5.93,?,988.7,?,7.9,?,?,?,10.160942
279.52982,?,?,?,2.21,12.12,7.16,?,990.2,?,7.8,?,?,?,17.135376
279.321805,?,?,?,2.39,12.12,7.35,?,992.6,?,7.9,?,?,?,20.572128
278.814851,?,?,?,2.33,12.12,7.77,?,995.2,?,7.8,?,?,?,20.669451
279.253908,?,?,?,2.29,12.12,7.53,?,997.7,?,7.8,?,?,?,19.349156
279.413554,?,?,?,2.04,10.81,7.46,?,1000.1,?,7.8,?,?,?,15.212313
280.092829,?,?,?,1.62,10.81,4.98,?,999.9,?,7.8,?,?,?,6.404061
280.105576,?,?,?,2.2,5.56,5.19,?,997.4,?,7.8,?,?,?,12.308604
281.237768,?,?,?,4.07,9.09,6.42,?,991.5,?,7.6,?,?,?,52.109862
281.511528,?,?,?,4.89,10,7.31,?,985.6,?,7.5,?,?,?,85.650751
281.264244,?,?,?,3.98,12.12,7.52,?,987.4,?,7.6,?,?,?,58.368706
279.935086,?,?,?,4.45,11.43,7.07,?,984.4,?,7.6,?,?,?,68.601801
279.797067,?,?,?,4.04,11.43,7.77,?,984.3,?,7.6,?,?,?,62.141228
279.507781,?,?,?,3.37,11.43,7.56,?,984.2,?,7.5,?,?,?,42.0705
279.47724,?,?,?,3.81,11.43,7.29,?,982.9,?,7.7,?,?,?,51.852961
279.780944,?,?,?,3.3,12.9,7.92,?,983,?,7.5,?,?,?,42.261912
279.395498,?,?,?,5.75,12.12,9.56,?,984.3,?,7.5,?,?,?,154.877975
279.871277,?,?,?,4.57,13.79,9.43,?,983.7,?,7.8,?,?,?,96.502857
279.587405,?,?,?,4.67,12.12,8.66,?,984.6,?,7.8,?,?,?,92.543886
278.975535,?,?,?,3.86,12.9,7.51,?,986.7,?,7.7,?,?,?,54.829038
278.566479,?,?,?,3.41,10.81,7.45,?,991,?,7.7,?,?,?,42.448379
279.230771,?,?,?,3.32,11.43,7.23,?,995.9,?,7.5,?,?,?,39.049056
278.876801,?,?,?,2.7,11.43,7.33,?,1000,?,7.5,?,?,?,26.183493
278.946609,?,?,?,2.47,10,7.31,?,999,?,7.5,?,?,?,21.852814
279.786885,?,?,?,2.78,12.12,6.5,?,994,?,7.6,?,?,?,24.614954
280.739537,?,?,?,3.1,7.14,5.65,?,987.6,?,7.7,?,?,?,26.605285
281.019312,?,?,?,3.51,7.69,6.02,?,983.3,?,7.7,?,?,?,36.341831
280.592251,?,?,?,3.83,8.33,6.28,?,980.7,?,7.5,?,?,?,45.139139
280.924188,?,?,?,6.17,16,8.74,?,979.7,?,7.7,?,?,?,163.033871
281.067185,?,?,?,5.51,10.81,8.25,?,976.5,?,7.7,?,?,?,122.730704
280.799322,?,?,?,5.34,11.43,8.74,?,974.7,?,7.7,?,?,?,122.120909
280.076013,?,?,?,3.96,12.12,8.04,?,974.8,?,7.5,?,?,?,61.779231
279.569166,?,?,?,3.93,11.43,8.44,?,973.9,?,7.6,?,?,?,63.873928
279.372375,?,?,?,3.92,12.12,8.4,?,972.9,?,7.6,?,?,?,63.248102
279.161838,?,?,?,2.86,10.81,7.73,?,974.2,?,7.5,?,?,?,30.981871
278.550355,?,?,?,2.63,11.43,7.36,?,974,?,7.7,?,?,?,24.945108
279.407957,?,?,?,2.23,10,6.87,?,975.5,?,7.8,?,?,?,16.740273
279.048922,?,?,?,3.07,10,8.69,?,978.9,?,7.8,?,?,?,40.132167
279.529325,?,?,?,3.44,11.43,8.92,?,983,?,7.8,?,?,?,51.722299
279.139858,?,?,?,3,10,8.28,?,987.7,?,7.8,?,?,?,36.5148
279.853571,?,?,?,3.1,12.12,7.56,?,993,?,7.7,?,?,?,35.599284
279.263754,?,?,?,3.25,11.43,6.35,?,998.7,?,7.6,?,?,?,32.865219
279.325566,?,?,?,3.68,11.43,7.06,?,1004.4,?,7.7,?,?,?,46.848579
278.955914,?,?,?,3.42,13.79,7.48,?,1007.9,?,7.5,?,?,?,42.869645
279.381858,?,?,?,3.14,12.9,7.72,?,1008.8,?,7.6,?,?,?,37.296895
279.313016,?,?,?,2.88,11.43,8.13,?,1008.3,?,7.6,?,?,?,33.042401
279.085219,?,?,?,2.33,12.12,8.22,?,1007.1,?,7.6,?,?,?,21.866523
278.955313,?,?,?,2.19,10,8.02,?,1007.7,?,7.6,?,?,?,18.847714
278.556712,?,?,?,1.94,12.9,6.49,?,1008.1,?,7.7,?,?,?,11.968624
278.010498,?,?,?,3.66,12.12,8.03,?,1009.9,?,7.7,?,?,?,52.707667
278.793535,?,?,?,2.71,12.12,6.5,?,1008,?,7.6,?,?,?,23.390958
280.271585,?,?,?,2.87,10.81,5.75,?,1001.8,?,7.6,?,?,?,23.207466
280.322056,?,?,?,3.09,8.33,5.86,?,1002.7,?,7.6,?,?,?,27.416414
280.104663,?,?,?,3.66,9.09,7.19,?,1007.5,?,7.5,?,?,?,47.194038
279.884355,?,?,?,3.56,11.43,7.24,?,1006.8,?,7.5,?,?,?,44.960863
279.210778,?,?,?,4.44,10.81,7.13,?,1013.4,?,7.5,?,?,?,68.873404
279.484201,?,?,?,4.74,10,7.29,?,1016.4,?,7.3,?,?,?,80.256514
279.337326,?,?,?,4.2,9.09,7.29,?,1018.3,?,7.4,?,?,?,63.011844
279.850487,?,?,?,3.1,11.43,6.93,?,1017.7,?,7.3,?,?,?,32.632677
279.615967,?,?,?,3.26,12.9,7.84,?,1018,?,7.4,?,?,?,40.826988
279.015954,?,?,?,2.47,10.81,5.98,?,1021.3,?,7.5,?,?,?,17.876857
279.293398,?,?,?,2.64,12.9,7.24,?,1026.2,?,7.6,?,?,?,24.725353
279.358109,?,?,?,2.4,12.9,6.43,?,1029,?,7.4,?,?,?,18.148032
279.182499,?,?,?,2.42,11.43,8.16,?,1030.2,?,7.5,?,?,?,23.41623
279.376007,?,?,?,1.85,9.09,6.38,?,1030.6,?,7.1,?,?,?,10.69942
278.814332,?,?,?,1.43,11.43,5.8,?,1030.6,?,7,?,?,?,5.811606
279.267417,?,?,?,2.38,5,4.79,?,1029.2,?,7,?,?,?,13.294913
280.048892,?,?,?,3.2,9.09,5.87,?,1025.7,?,7.1,?,?,?,29.453312
280.267397,?,?,?,4.26,10,6.41,?,1023.5,?,6.9,?,?,?,56.999797
280.020364,?,?,?,5.25,11.43,7.54,?,1020.6,?,7.4,?,?,?,101.832413
280.783238,?,?,?,6.18,12.9,7.69,?,1018.4,?,7.3,?,?,?,143.912782
281.052845,?,?,?,6.69,12.12,8.25,?,1015.5,?,7.1,?,?,?,180.926534
281.110401,?,?,?,6.43,10.81,8.18,?,1012.7,?,7.2,?,?,?,165.718628
282.128853,?,?,?,5.48,12.9,7.93,?,1014.9,?,7.3,?,?,?,116.689125
281.797892,?,?,?,5.29,12.12,8.07,?,1017.7,?,7.3,?,?,?,110.657527
280.840852,?,?,?,4.23,11.43,7.31,?,1017,?,7.2,?,?,?,64.090579
280.860371,?,?,?,3.76,10.81,6.97,?,1021.5,?,7.3,?,?,?,48.284145
279.934606,?,?,?,3.33,11.43,6.44,?,1028.3,?,7.3,?,?,?,34.992133
280.055678,?,?,?,3.5,8.33,6.6,?,1032.9,?,7.1,?,?,?,39.6165
279.488818,?,?,?,2.88,10,7.23,?,1032.5,?,6.8,?,?,?,29.384571
